index,open,high,low,close,volume
0,100,100,100,100,8
1,101,101,101,101,7
2,100,101,100,101,7
3,100,101,100,101,14
4,101,101,100,100,11
5,100,101,100,101,13
6,101,101,100,100,19
7,100,100,100,100,13
8,100,100,100,100,5
9,100,101,100,101,5
10,101,101,101,101,9
11,101,101,100,100,8
12,100,100,100,100,8
13,100,101,100,101,5
14,101,101,100,100,6
15,100,100,100,100,10
16,100,100,100,100,7
17,100,100,99,99,8
18,99,99,99,99,7
19,99,99,99,99,3
20,99,100,99,100,3
21,100,100,100,100,10
22,99,99,99,99,5
23,99,100,99,100,7
24,99,99,99,99,10
25,100,100,99,99,3
26,101,101,101,101,10
27,100,100,99,99,8
28,99,99,99,99,5
29,99,99,99,99,9
30,98,99,98,99,5
31,99,100,99,100,7
32,101,101,101,101,10
33,101,101,101,101,5
34,99,99,98,98,15
35,98,98,98,98,2
36,99,100,99,100,6
37,100,100,98,98,3
38,99,100,99,100,7
39,101,101,101,101,9
40,101,101,101,101,7
41,101,101,101,101,9
42,101,101,101,101,4
43,102,102,102,102,9
44,102,102,102,102,6
45,102,102,100,100,6
46,100,100,100,100,4
47,99,101,99,101,5
48,102,102,99,99,4
49,99,99,99,99,7
50,98,98,98,98,3
51,98,99,98,99,4
52,100,100,99,99,7
53,100,100,100,100,4
54,99,99,99,99,3
55,99,99,99,99,3
56,98,98,98,98,4
57,98,99,98,99,8
58,98,98,98,98,4
59,99,99,99,99,3
60,100,100,98,98,5
61,99,99,98,98,6
62,100,100,100,100,4
63,99,101,99,101,9
64,99,99,99,99,10
65,100,100,100,100,8
66,101,101,101,101,7
67,100,100,100,100,7
68,101,101,101,101,8
69,100,100,100,100,7
70,99,99,99,99,3
71,100,100,100,100,9
72,99,101,99,101,2
73,101,101,101,101,6
74,101,101,100,100,11
75,99,100,99,100,3
76,99,99,99,99,5
77,100,101,100,101,5
78,101,101,101,101,9
79,101,101,101,101,8
80,100,101,100,101,7
81,101,101,101,101,5
82,100,101,100,101,8
83,101,101,100,100,8
84,100,100,99,99,6
85,100,100,99,99,3
86,99,99,99,99,5
87,99,99,99,99,4
88,100,100,100,100,8
89,101,101,101,101,3
90,99,99,99,99,9
91,101,101,101,101,3
92,101,101,101,101,10
93,100,100,99,99,4
94,102,102,102,102,5
95,102,102,102,102,4
96,100,100,99,99,6
97,102,102,102,102,7
98,101,102,101,102,10
99,102,102,102,102,2
100,102,102,102,102,5
101,101,101,101,101,5
102,101,101,100,100,9
103,102,102,102,102,10
104,102,102,101,101,8
105,100,100,100,100,3
106,101,101,101,101,6
107,100,100,100,100,3
108,100,100,99,99,4
109,100,100,99,99,5
110,99,99,99,99,10
111,101,102,101,102,6
112,102,102,99,99,3
113,99,102,99,102,5
114,102,102,102,102,9
115,100,100,100,100,9
116,100,100,100,100,9
117,101,101,101,101,7
118,100,100,99,99,6
119,99,100,99,100,5
120,99,99,99,99,8
121,99,99,99,99,7
122,99,99,99,99,9
123,99,99,98,98,2
124,98,100,98,100,4
125,101,101,101,101,5
126,101,101,101,101,5
127,101,101,100,100,11
128,99,101,99,101,7
129,100,101,100,101,5
130,101,101,100,100,8
131,100,100,100,100,5
132,99,99,99,99,3
133,101,101,99,99,3
134,100,100,99,99,2
135,99,99,99,99,9
136,98,100,98,100,9
137,98,98,98,98,2
138,98,98,98,98,5
139,98,98,98,98,4
140,98,98,98,98,9
141,98,98,98,98,5
142,98,98,98,98,10
143,98,99,98,99,5
144,98,98,98,98,8
145,98,99,98,99,6
146,99,99,99,99,7
147,98,98,98,98,10
148,98,98,98,98,8
149,98,98,98,98,2
150,98,98,98,98,7
151,99,99,99,99,4
152,98,98,98,98,5
153,99,100,99,100,6
154,100,100,100,100,10
155,100,100,98,98,4
156,98,98,98,98,7
157,98,98,98,98,5
158,100,100,100,100,5
159,100,100,98,98,6
160,98,98,98,98,2
161,98,98,98,98,4
162,98,98,98,98,3
163,98,98,98,98,8
164,98,99,98,99,6
165,98,98,98,98,5
166,98,98,98,98,8
167,98,99,98,99,4
168,99,99,98,98,11
169,98,98,97,97,5
170,98,98,98,98,7
171,97,97,97,97,5
172,97,98,97,98,4
173,99,99,99,99,3
174,99,99,98,98,7
175,98,99,98,99,7
176,99,100,99,100,6
177,100,100,100,100,7
178,100,100,99,99,5
179,99,99,99,99,6
180,99,100,99,100,8
181,100,100,99,99,5
182,99,100,99,100,8
183,100,100,99,99,8
184,98,98,98,98,10
185,100,100,100,100,6
186,100,100,100,100,4
187,100,100,100,100,6
188,99,99,98,98,6
189,98,100,98,100,6
190,100,100,100,100,4
191,100,100,100,100,3
192,98,98,98,98,9
193,98,100,98,100,4
194,100,100,100,100,9
195,99,99,99,99,7
196,100,100,100,100,4
197,100,100,100,100,4
198,100,100,98,98,8
199,98,98,97,97,6
200,97,97,97,97,9
201,98,100,98,100,4
202,101,101,101,101,6
203,101,101,100,100,6
204,101,101,100,100,10
205,99,99,99,99,5
206,99,99,99,99,10
207,97,97,97,97,4
208,97,97,97,97,6
209,97,97,97,97,5
210,99,99,99,99,10
211,99,99,99,99,7
212,97,97,97,97,4
213,97,99,97,99,7
214,98,98,98,98,8
215,98,98,97,97,5
216,97,100,97,100,6
217,100,100,99,99,4
218,99,99,97,97,3
219,97,97,97,97,5
220,97,97,97,97,4
221,97,97,97,97,3
222,97,97,97,97,2
223,97,97,97,97,6
224,97,97,97,97,7
225,97,97,97,97,6
226,97,97,97,97,7
227,97,97,97,97,8
228,97,97,97,97,2
229,97,97,97,97,9
230,98,98,98,98,10
231,97,97,97,97,8
232,98,98,97,97,4
233,99,99,99,99,3
234,99,99,98,98,3
235,99,100,99,100,10
236,100,100,100,100,9
237,100,101,100,101,5
238,99,99,99,99,9
239,98,99,98,99,6
240,98,99,98,99,6
241,99,99,98,98,8
242,98,98,97,97,2
243,99,99,99,99,10
244,99,99,99,99,10
245,98,98,98,98,4
246,98,98,97,97,6
247,97,100,97,100,6
248,100,100,100,100,8
249,100,100,100,100,7
250,100,100,100,100,7
251,100,100,98,98,2
252,97,99,97,99,5
253,99,99,98,98,9
254,99,99,99,99,7
255,98,98,98,98,7
256,97,97,97,97,2
257,99,100,99,100,9
258,100,100,97,97,4
259,97,97,97,97,3
260,99,100,99,100,11
261,100,100,99,99,4
262,98,99,98,99,4
263,100,100,100,100,6
264,100,100,100,100,2
265,99,101,99,101,5
266,101,101,99,99,8
267,99,99,99,99,6
268,99,99,99,99,4
269,99,99,99,99,2
270,99,100,99,100,11
271,101,101,100,100,4
272,99,99,99,99,3
273,99,100,99,100,6
274,100,101,100,101,4
275,99,101,99,101,2
276,101,101,101,101,5
277,101,101,101,101,7
278,100,100,100,100,10
279,101,101,101,101,3
280,99,99,98,98,4
281,99,100,99,100,7
282,99,99,98,98,4
283,98,98,97,97,5
284,98,98,98,98,9
285,97,97,97,97,5
286,98,98,97,97,10
287,97,97,97,97,4
288,98,98,98,98,2
289,98,98,98,98,5
290,98,98,97,97,2
291,97,97,97,97,8
292,97,98,97,98,9
293,99,99,98,98,6
294,98,98,98,98,6
295,98,98,98,98,9
296,97,99,97,99,6
297,99,99,98,98,7
298,98,99,98,99,6
299,99,99,99,99,4
300,99,99,99,99,3
301,100,100,99,99,5
302,99,99,99,99,5
303,99,100,99,100,4
304,100,100,99,99,9
305,98,98,98,98,7
306,99,99,98,98,3
307,98,98,97,97,9
308,97,99,97,99,7
309,99,99,99,99,6
310,100,100,100,100,6
311,100,100,99,99,7
312,99,99,99,99,10
313,100,100,100,100,8
314,99,99,99,99,10
315,100,100,99,99,6
316,99,99,98,98,7
317,98,98,98,98,8
318,98,99,98,99,7
319,99,99,98,98,2
320,100,100,100,100,3
321,100,100,100,100,5
322,99,101,99,101,7
323,100,101,100,101,5
324,101,101,101,101,7
325,100,100,99,99,7
326,99,99,99,99,3
327,100,100,100,100,4
328,100,100,100,100,2
329,99,99,99,99,8
330,99,100,99,100,5
331,98,98,98,98,6
332,97,97,97,97,4
333,99,99,97,97,17
334,97,97,97,97,5
335,97,97,97,97,4
336,97,97,97,97,6
337,97,97,97,97,6
338,101,101,101,101,2
339,100,100,100,100,5
340,100,101,100,101,5
341,101,101,101,101,5
342,101,101,101,101,5
343,101,101,101,101,7
344,101,101,101,101,3
345,100,101,100,101,11
346,101,101,101,101,5
347,101,101,101,101,8
348,101,101,101,101,6
349,101,101,100,100,5
350,100,100,100,100,10
351,100,100,100,100,6
352,100,101,100,101,9
353,101,101,101,101,7
354,101,101,101,101,7
355,100,101,100,101,11
356,100,100,100,100,6
357,100,101,100,101,3
358,100,100,100,100,9
359,100,100,99,99,6
360,100,101,100,101,4
361,101,101,100,100,7
362,99,99,99,99,2
363,99,100,99,100,4
364,99,99,99,99,10
365,100,100,99,99,5
366,99,100,99,100,9
367,101,101,99,99,4
368,99,99,99,99,5
369,98,98,98,98,9
370,98,98,98,98,8
371,99,99,98,98,5
372,98,98,98,98,9
373,98,99,98,99,8
374,99,99,98,98,6
375,98,98,98,98,4
376,98,98,98,98,3
377,98,98,98,98,8
378,98,100,98,100,6
379,100,100,100,100,9
380,100,100,99,99,4
381,99,99,99,99,3
382,100,100,100,100,3
383,100,100,100,100,7
384,99,99,99,99,9
385,98,98,98,98,4
386,99,99,99,99,4
387,98,98,98,98,5
388,101,101,101,101,3
389,98,98,98,98,8
390,98,98,98,98,6
391,99,99,98,98,6
392,98,98,98,98,6
393,99,99,98,98,6
394,98,98,98,98,4
395,99,100,99,100,3
396,100,100,100,100,8
397,98,98,97,97,4
398,97,97,97,97,5
399,97,97,97,97,3
400,97,97,97,97,6
401,98,98,98,98,5
402,97,97,97,97,8
403,98,100,98,100,6
404,101,101,100,100,6
405,100,100,100,100,10
406,100,101,100,101,8
407,101,101,101,101,3
408,101,101,100,100,4
409,99,99,99,99,5
410,99,99,99,99,2
411,100,100,99,99,7
412,99,99,99,99,7
413,100,100,100,100,9
414,100,101,100,101,7
415,100,100,100,100,8
416,100,101,100,101,4
417,100,100,100,100,4
418,100,100,99,99,2
419,100,101,100,101,4
420,99,101,99,101,2
421,101,101,101,101,8
422,101,101,101,101,5
423,101,101,100,100,7
424,100,100,99,99,5
425,99,99,99,99,2
426,99,101,99,101,6
427,101,101,101,101,5
428,99,101,99,101,6
429,101,101,101,101,7
430,99,99,99,99,9
431,100,100,100,100,2
432,99,99,99,99,8
433,99,99,99,99,3
434,98,100,98,100,7
435,100,100,100,100,7
436,100,100,98,98,6
437,98,99,98,99,10
438,98,98,98,98,8
439,98,98,98,98,3
440,98,98,98,98,5
441,98,98,98,98,7
442,97,99,97,99,5
443,99,99,97,97,5
444,97,97,97,97,3
445,97,97,97,97,8
446,98,98,98,98,7
447,99,99,99,99,9
448,99,99,98,98,2
449,100,100,100,100,3
450,100,100,100,100,10
451,98,98,98,98,6
452,98,98,98,98,3
453,100,100,100,100,10
454,100,101,100,101,5
455,101,101,101,101,4
456,99,99,98,98,13
457,100,100,100,100,10
458,98,98,98,98,7
459,100,100,100,100,4
460,99,99,98,98,10
461,98,98,98,98,7
462,99,99,99,99,6
463,97,99,97,99,14
464,98,99,98,99,5
465,98,98,97,97,9
466,97,99,97,99,3
467,99,99,99,99,4
468,99,99,99,99,8
469,100,100,99,99,9
470,100,100,98,98,8
471,98,98,98,98,7
472,99,99,99,99,3
473,99,99,98,98,4
474,97,99,97,99,8
475,99,99,97,97,5
476,97,99,97,99,7
477,100,100,99,99,3
478,98,98,98,98,5
479,98,98,98,98,4
480,100,100,98,98,2
481,98,98,98,98,8
482,97,99,97,99,6
483,100,100,100,100,4
484,100,100,100,100,4
485,100,100,100,100,4
486,100,100,100,100,8
487,98,98,97,97,12
488,97,97,97,97,7
489,97,97,97,97,7
490,100,100,99,99,3
491,97,98,97,98,3
492,97,97,97,97,10
493,98,98,98,98,6
494,97,99,97,99,9
495,98,98,97,97,3
496,97,97,97,97,7
497,97,97,97,97,9
498,97,97,97,97,9
499,97,97,97,97,7
500,97,97,97,97,3
501,98,98,98,98,8
502,98,98,98,98,8
503,99,99,99,99,5
504,100,101,100,101,7
505,101,101,100,100,5
506,101,101,101,101,7
507,101,101,101,101,9
508,101,101,100,100,7
509,100,100,100,100,6
510,99,99,99,99,2
511,99,99,98,98,6
512,99,100,99,100,9
513,99,99,98,98,2
514,98,98,98,98,5
515,98,98,98,98,7
516,98,98,98,98,9
517,97,97,97,97,3
518,97,97,97,97,6
519,97,97,97,97,4
520,97,97,97,97,10
521,97,97,97,97,2
522,97,97,97,97,7
523,97,98,97,98,3
524,97,97,97,97,7
525,98,98,98,98,2
526,98,98,98,98,7
527,98,98,97,97,7
528,97,97,97,97,3
529,97,97,97,97,7
530,98,98,98,98,4
531,99,99,98,98,13
532,97,97,97,97,3
533,97,97,97,97,7
534,97,97,97,97,7
535,97,97,97,97,6
536,97,97,97,97,5
537,97,97,97,97,8
538,97,97,96,96,11
539,96,97,96,97,4
540,97,97,97,97,7
541,97,97,97,97,8
542,96,96,96,96,6
543,96,97,96,97,5
544,96,96,96,96,9
545,96,96,96,96,3
546,97,98,97,98,3
547,98,98,98,98,5
548,98,99,98,99,9
549,99,99,99,99,5
550,99,99,98,98,5
551,97,97,96,96,9
552,98,98,98,98,9
553,98,98,96,96,5
554,96,96,96,96,7
555,96,96,96,96,7
556,96,96,96,96,3
557,96,96,96,96,10
558,97,97,97,97,10
559,97,98,97,98,11
560,97,97,97,97,6
561,98,98,98,98,4
562,98,98,98,98,3
563,97,99,97,99,6
564,99,99,99,99,3
565,99,99,98,98,4
566,98,98,98,98,6
567,98,98,98,98,7
568,99,99,99,99,9
569,98,99,98,99,4
570,99,99,99,99,6
571,98,98,98,98,8
572,99,99,99,99,8
573,98,100,98,100,11
574,100,100,99,99,12
575,100,100,100,100,3
576,100,100,100,100,9
577,100,101,100,101,5
578,98,98,98,98,10
579,100,100,100,100,9
580,100,100,98,98,11
581,99,100,99,100,9
582,100,100,99,99,4
583,99,99,98,98,4
584,98,98,98,98,4
585,98,100,98,100,9
586,100,100,98,98,7
587,98,98,98,98,6
588,98,100,98,100,9
589,100,100,99,99,8
590,98,98,98,98,5
591,98,98,98,98,6
592,98,98,98,98,2
593,97,97,97,97,4
594,97,97,97,97,7
595,99,99,99,99,6
596,98,98,97,97,5
597,98,98,97,97,10
598,98,98,97,97,3
599,97,98,97,98,9
600,97,97,97,97,3
601,97,98,97,98,7
602,99,99,97,97,3
603,96,96,96,96,6
604,96,96,96,96,6
605,96,96,96,96,9
606,96,96,96,96,3
607,96,96,96,96,8
608,96,96,96,96,5
609,96,96,96,96,4
610,96,96,96,96,13
611,96,97,96,97,7
612,98,98,96,96,4
613,97,98,97,98,5
614,97,97,97,97,5
615,97,97,96,96,4
616,96,97,96,97,8
617,96,98,96,98,15
618,98,98,98,98,2
619,98,98,98,98,8
620,96,96,96,96,3
621,98,98,98,98,7
622,98,98,96,96,8
623,97,97,97,97,5
624,97,98,97,98,2
625,98,98,98,98,8
626,98,98,98,98,2
627,98,98,96,96,10
628,98,98,98,98,2
629,99,99,99,99,5
630,99,99,99,99,6
631,98,98,98,98,7
632,96,96,96,96,4
633,96,96,96,96,3
634,96,96,96,96,5
635,96,96,96,96,7
636,97,99,97,99,11
637,99,99,99,99,3
638,99,99,99,99,5
639,99,99,98,98,7
640,98,98,98,98,4
641,97,97,96,96,2
642,96,96,96,96,4
643,96,96,96,96,4
644,96,96,96,96,9
645,97,97,97,97,6
646,96,96,96,96,4
647,96,96,96,96,4
648,96,96,96,96,6
649,96,97,96,97,5
650,97,97,97,97,8
651,96,96,96,96,7
652,96,97,96,97,7
653,97,97,97,97,5
654,96,97,96,97,5
655,97,97,97,97,9
656,98,98,96,96,5
657,98,98,97,97,11
658,96,96,96,96,7
659,96,96,96,96,3
660,96,96,96,96,6
661,96,96,96,96,5
662,95,95,95,95,7
663,95,96,95,96,5
664,96,96,96,96,3
665,95,95,95,95,9
666,96,96,95,95,2
667,95,96,95,96,3
668,96,97,96,97,5
669,97,97,96,96,5
670,97,97,97,97,2
671,97,98,97,98,5
672,98,98,96,96,3
673,96,97,96,97,5
674,95,95,95,95,5
675,95,95,95,95,9
676,95,95,95,95,5
677,95,96,95,96,6
678,95,95,95,95,7
679,95,96,95,96,7
680,96,96,96,96,7
681,95,95,95,95,7
682,95,95,95,95,7
683,96,96,95,95,8
684,95,95,95,95,6
685,95,95,95,95,2
686,96,96,95,95,4
687,95,96,95,96,4
688,96,96,96,96,3
689,95,95,95,95,6
690,95,95,95,95,5
691,96,96,96,96,9
692,96,96,96,96,6
693,96,96,96,96,8
694,95,95,95,95,4
695,95,95,95,95,8
696,95,96,95,96,7
697,96,97,96,97,11
698,97,97,96,96,5
699,95,95,95,95,4
700,95,96,95,96,10
701,95,95,95,95,7
702,95,95,95,95,4
703,97,97,95,95,8
704,96,96,96,96,4
705,97,97,97,97,8
706,97,97,96,96,16
707,96,97,96,97,3
708,96,96,95,95,8
709,95,95,95,95,6
710,95,95,95,95,10
711,95,95,95,95,6
712,95,96,95,96,3
713,95,96,95,96,3
714,97,97,95,95,10
715,95,97,95,97,6
716,97,98,97,98,5
717,98,98,98,98,4
718,98,98,98,98,9
719,98,98,97,97,4
720,96,96,96,96,6
721,95,95,95,95,5
722,96,96,96,96,3
723,97,97,95,95,9
724,95,97,95,97,4
725,97,97,96,96,4
726,96,96,96,96,5
727,96,96,96,96,8
728,97,97,96,96,9
729,96,96,95,95,5
730,95,95,95,95,4
731,95,95,95,95,6
732,96,97,96,97,5
733,97,97,95,95,2
734,97,97,95,95,9
735,96,98,96,98,4
736,98,98,98,98,3
737,97,98,97,98,6
738,97,98,97,98,2
739,97,97,96,96,7
740,98,98,98,98,8
741,98,98,97,97,5
742,96,96,96,96,6
743,95,95,95,95,8
744,95,95,95,95,7
745,95,95,95,95,3
746,95,96,95,96,3
747,97,97,97,97,4
748,97,97,96,96,9
749,96,96,96,96,8
750,95,97,95,97,3
751,97,97,96,96,4
752,95,95,95,95,6
753,96,96,95,95,7
754,95,95,95,95,7
755,95,95,95,95,7
756,96,96,96,96,7
757,95,95,95,95,8
758,95,95,94,94,5
759,94,94,94,94,6
760,94,94,94,94,3
761,94,94,94,94,7
762,94,94,94,94,6
763,94,94,94,94,10
764,94,94,94,94,7
765,94,94,94,94,5
766,94,94,94,94,7
767,94,95,94,95,5
768,95,96,95,96,4
769,96,96,96,96,6
770,94,94,94,94,6
771,94,94,94,94,4
772,96,96,96,96,9
773,97,97,97,97,6
774,97,97,97,97,8
775,96,96,96,96,3
776,97,97,97,97,8
777,96,96,96,96,6
778,96,96,96,96,3
779,96,97,96,97,4
780,97,97,97,97,8
781,96,97,96,97,8
782,97,97,96,96,6
783,96,96,96,96,7
784,96,96,95,95,9
785,96,96,96,96,6
786,96,96,95,95,4
787,95,95,95,95,4
788,97,97,97,97,4
789,97,97,97,97,9
790,97,97,96,96,5
791,96,96,96,96,4
792,95,95,95,95,6
793,95,95,95,95,7
794,94,94,94,94,2
795,94,94,94,94,2
796,94,94,94,94,7
797,94,94,94,94,7
798,94,94,94,94,6
799,94,94,94,94,4
800,94,94,94,94,9
801,94,94,94,94,6
802,95,96,95,96,9
803,94,94,94,94,6
804,94,94,94,94,3
805,94,96,94,96,4
806,96,96,94,94,3
807,94,94,94,94,10
808,94,94,94,94,7
809,95,95,95,95,5
810,95,95,94,94,4
811,94,94,94,94,2
812,94,94,94,94,6
813,94,94,94,94,5
814,95,95,95,95,10
815,94,94,94,94,7
816,94,95,94,95,7
817,95,95,95,95,9
818,95,95,95,95,3
819,96,96,93,93,3
820,93,93,93,93,4
821,93,93,93,93,8
822,93,95,93,95,6
823,95,95,93,93,5
824,93,95,93,95,3
825,95,96,95,96,7
826,96,96,95,95,8
827,95,95,95,95,5
828,96,96,94,94,8
829,94,96,94,96,2
830,96,96,94,94,4
831,94,94,94,94,7
832,94,96,94,96,4
833,96,96,96,96,4
834,94,94,94,94,3
835,93,96,93,96,7
836,96,96,96,96,4
837,95,95,94,94,6
838,94,94,94,94,10
839,93,94,93,94,10
840,95,95,95,95,5
841,95,95,95,95,8
842,96,96,94,94,7
843,94,94,94,94,7
844,96,96,94,94,6
845,94,94,93,93,9
846,94,95,94,95,4
847,95,95,93,93,4
848,93,93,93,93,5
849,93,93,93,93,6
850,94,94,94,94,17
851,94,95,94,95,6
852,94,95,94,95,9
853,94,94,94,94,7
854,94,94,94,94,3
855,94,95,94,95,12
856,95,96,95,96,5
857,96,96,96,96,8
858,95,95,94,94,4
859,94,96,94,96,8
860,96,96,96,96,7
861,96,96,96,96,3
862,96,96,96,96,6
863,96,96,96,96,8
864,96,96,94,94,7
865,94,94,93,93,8
866,94,95,94,95,5
867,95,95,95,95,4
868,95,95,95,95,8
869,95,95,94,94,3
870,96,96,94,94,3
871,94,95,94,95,13
872,94,94,94,94,3
873,93,95,93,95,4
874,95,95,93,93,8
875,95,95,93,93,7
876,93,94,93,94,14
877,94,94,94,94,3
878,93,94,93,94,12
879,95,95,95,95,7
880,96,96,95,95,4
881,96,96,96,96,10
882,94,94,94,94,4
883,94,94,94,94,7
884,95,95,95,95,7
885,95,95,95,95,6
886,96,96,96,96,9
887,95,95,95,95,7
888,95,95,94,94,2
889,93,93,93,93,6
890,93,94,93,94,12
891,94,94,93,93,5
892,93,93,93,93,6
893,93,93,93,93,8
894,94,94,94,94,4
895,95,95,93,93,7
896,93,95,93,95,10
897,95,95,93,93,6
898,93,93,93,93,9
899,93,93,93,93,6
900,94,95,94,95,7
901,96,96,94,94,3
902,93,93,93,93,6
903,93,93,93,93,4
904,94,94,94,94,6
905,94,94,93,93,8
906,94,95,94,95,7
907,94,96,94,96,9
908,96,96,94,94,3
909,93,93,93,93,6
910,93,96,93,96,4
911,96,96,93,93,9
912,94,95,94,95,10
913,93,93,93,93,8
914,94,95,94,95,10
915,93,93,93,93,4
916,93,94,93,94,4
917,95,95,94,94,9
918,95,95,95,95,8
919,94,95,94,95,9
920,95,95,95,95,5
921,93,93,93,93,7
922,94,94,93,93,7
923,93,94,93,94,6
924,95,95,95,95,6
925,94,94,94,94,7
926,93,93,93,93,4
927,93,93,93,93,4
928,93,93,93,93,4
929,93,93,93,93,9
930,93,94,93,94,3
931,94,94,93,93,8
932,93,93,93,93,6
933,94,94,94,94,6
934,93,93,93,93,6
935,93,93,93,93,5
936,93,94,93,94,9
937,93,93,93,93,5
938,93,94,93,94,2
939,94,95,94,95,8
940,93,93,93,93,5
941,95,95,95,95,6
942,93,94,93,94,9
943,94,94,94,94,3
944,95,95,95,95,7
945,94,94,94,94,5
946,95,95,95,95,9
947,94,94,94,94,7
948,94,94,94,94,11
949,94,94,93,93,16
950,93,93,93,93,3
951,93,93,93,93,8
952,94,94,94,94,7
953,94,94,93,93,8
954,93,94,93,94,10
955,93,93,93,93,7
956,93,93,93,93,6
957,93,94,93,94,11
958,94,94,93,93,7
959,93,93,93,93,2
960,93,93,93,93,4
961,93,94,93,94,9
962,94,94,93,93,5
963,93,94,93,94,9
964,95,95,95,95,3
965,93,93,93,93,4
966,93,93,93,93,5
967,95,95,95,95,6
968,95,95,95,95,4
969,93,93,93,93,3
970,93,93,93,93,8
971,93,94,93,94,4
972,94,94,94,94,3
973,95,95,95,95,7
974,94,95,94,95,3
975,95,95,95,95,5
976,95,95,95,95,7
977,95,95,95,95,8
978,95,95,94,94,3
979,94,94,94,94,5
980,94,95,94,95,12
981,93,93,93,93,5
982,93,94,93,94,12
983,93,93,93,93,8
984,93,94,93,94,5
985,94,94,93,93,5
986,93,93,93,93,5
987,94,94,94,94,9
988,94,95,94,95,4
989,95,95,93,93,7
990,93,93,93,93,6
991,93,93,93,93,4
992,93,93,93,93,8
993,93,93,93,93,6
994,93,93,93,93,7
995,93,93,93,93,6
996,93,94,93,94,4
997,94,95,94,95,8
998,94,94,93,93,2
999,94,94,94,94,7
1000,94,94,94,94,9
1001,94,94,93,93,5
1002,93,95,93,95,5
1003,95,95,95,95,2
1004,95,95,95,95,5
1005,95,95,93,93,3
1006,93,93,93,93,8
1007,93,93,93,93,3
1008,94,94,94,94,10
1009,94,94,94,94,9
1010,95,95,95,95,3
1011,95,95,95,95,9
1012,95,95,95,95,3
1013,95,95,95,95,7
1014,94,94,94,94,9
1015,94,94,94,94,6
1016,93,94,93,94,6
1017,95,95,94,94,9
1018,93,94,93,94,9
1019,94,95,94,95,9
1020,96,96,96,96,7
1021,96,96,94,94,8
1022,94,94,94,94,10
1023,93,93,93,93,5
1024,94,95,94,95,9
1025,93,93,93,93,7
1026,93,94,93,94,6
1027,95,95,93,93,7
1028,93,93,93,93,7
1029,93,93,93,93,5
1030,93,93,93,93,4
1031,93,93,92,92,5
1032,92,94,92,94,2
1033,94,94,94,94,7
1034,94,94,93,93,10
1035,93,94,93,94,6
1036,94,94,94,94,2
1037,93,93,92,92,9
1038,94,94,94,94,5
1039,92,93,92,93,10
1040,93,93,93,93,3
1041,93,93,92,92,8
1042,92,92,92,92,4
1043,92,92,92,92,8
1044,92,92,92,92,9
1045,93,93,93,93,4
1046,95,95,95,95,9
1047,94,95,94,95,11
1048,95,95,94,94,3
1049,93,93,92,92,12
1050,92,92,92,92,6
1051,92,92,92,92,7
1052,92,92,92,92,9
1053,93,93,93,93,3
1054,94,94,94,94,9
1055,95,95,95,95,4
1056,93,93,93,93,3
1057,92,92,92,92,4
1058,92,92,92,92,4
1059,93,94,93,94,6
1060,94,94,94,94,12
1061,95,95,95,95,2
1062,95,95,93,93,7
1063,93,94,93,94,7
1064,95,95,95,95,10
1065,95,95,95,95,5
1066,95,95,95,95,7
1067,95,95,95,95,7
1068,95,95,95,95,10
1069,95,96,95,96,4
1070,96,96,96,96,9
1071,95,95,95,95,7
1072,96,96,96,96,8
1073,96,96,95,95,10
1074,94,94,94,94,6
1075,94,94,94,94,5
1076,93,93,93,93,6
1077,93,93,93,93,3
1078,93,93,93,93,7
1079,93,93,92,92,8
1080,92,92,92,92,5
1081,92,93,92,93,7
1082,92,92,92,92,5
1083,93,93,92,92,3
1084,92,92,92,92,15
1085,92,93,92,93,8
1086,93,93,93,93,4
1087,92,92,92,92,10
1088,92,92,92,92,5
1089,92,92,92,92,3
1090,92,92,92,92,4
1091,93,93,93,93,10
1092,92,92,92,92,8
1093,92,93,92,93,7
1094,94,94,92,92,6
1095,92,93,92,93,3
1096,93,93,92,92,7
1097,93,93,93,93,4
1098,93,93,93,93,7
1099,93,94,93,94,4
1100,94,94,92,92,8
1101,94,94,94,94,8
1102,94,94,92,92,7
1103,92,94,92,94,5
1104,94,94,94,94,6
1105,94,94,94,94,8
1106,94,94,92,92,7
1107,92,93,92,93,9
1108,92,94,92,94,4
1109,93,93,92,92,5
1110,93,93,92,92,4
1111,92,92,92,92,7
1112,92,92,92,92,7
1113,93,94,93,94,10
1114,92,92,92,92,3
1115,94,94,94,94,5
1116,94,94,94,94,3
1117,94,94,94,94,4
1118,94,94,92,92,3
1119,92,93,92,93,2
1120,92,92,92,92,10
1121,93,93,92,92,7
1122,92,93,92,93,5
1123,93,93,92,92,7
1124,92,92,92,92,4
1125,92,92,92,92,6
1126,92,92,92,92,2
1127,92,92,92,92,6
1128,92,92,92,92,6
1129,92,92,92,92,5
1130,92,93,92,93,8
1131,92,92,92,92,2
1132,92,92,92,92,5
1133,92,92,92,92,3
1134,92,92,92,92,6
1135,92,93,92,93,2
1136,93,93,92,92,2
1137,92,92,92,92,9
1138,92,92,92,92,7
1139,92,92,92,92,6
1140,92,92,92,92,2
1141,92,92,92,92,4
1142,92,92,92,92,7
1143,91,93,91,93,11
1144,91,93,91,93,7
1145,93,93,91,91,9
1146,91,91,91,91,7
1147,91,91,91,91,4
1148,91,91,91,91,4
1149,91,91,91,91,5
1150,91,91,91,91,5
1151,91,91,91,91,4
1152,92,92,91,91,3
1153,91,91,91,91,6
1154,91,91,91,91,5
1155,91,91,91,91,2
1156,91,91,91,91,6
1157,91,92,91,92,5
1158,92,92,92,92,6
1159,92,92,91,91,4
1160,91,91,91,91,6
1161,92,92,92,92,10
1162,92,92,91,91,6
1163,91,91,91,91,6
1164,92,92,92,92,3
1165,92,93,92,93,7
1166,91,91,91,91,8
1167,91,91,91,91,5
1168,91,91,91,91,4
1169,92,92,92,92,6
1170,91,91,91,91,7
1171,91,91,91,91,7
1172,91,92,91,92,2
1173,93,93,93,93,7
1174,93,93,92,92,9
1175,91,91,91,91,6
1176,92,92,92,92,4
1177,91,91,91,91,8
1178,91,91,91,91,4
1179,91,91,91,91,8
1180,92,93,92,93,2
1181,93,93,93,93,8
1182,93,93,91,91,9
1183,91,91,91,91,7
1184,91,91,91,91,8
1185,91,91,91,91,9
1186,91,91,91,91,5
1187,91,91,91,91,7
1188,91,91,91,91,7
1189,91,91,91,91,3
1190,92,92,91,91,6
1191,91,92,91,92,4
1192,92,92,92,92,7
1193,91,91,91,91,6
1194,93,93,93,93,2
1195,93,93,93,93,7
1196,93,93,91,91,12
1197,92,93,92,93,6
1198,93,93,93,93,3
1199,93,93,91,91,12
1200,92,92,91,91,5
1201,91,91,91,91,9
1202,91,91,91,91,9
1203,91,91,91,91,9
1204,91,91,91,91,5
1205,91,91,91,91,5
1206,92,93,92,93,3
1207,93,93,93,93,9
1208,93,93,93,93,3
1209,91,91,91,91,9
1210,91,91,90,90,8
1211,93,93,93,93,9
1212,93,93,92,92,5
1213,92,92,92,92,7
1214,92,92,91,91,6
1215,93,93,91,91,5
1216,91,91,91,91,3
1217,91,93,91,93,3
1218,93,93,93,93,7
1219,91,91,91,91,7
1220,93,93,93,93,7
1221,91,91,91,91,7
1222,91,91,90,90,5
1223,90,90,90,90,8
1224,90,90,90,90,9
1225,90,90,90,90,6
1226,90,90,90,90,7
1227,90,90,90,90,8
1228,90,90,90,90,3
1229,90,90,90,90,3
1230,90,90,90,90,7
1231,90,90,90,90,8
1232,90,90,90,90,4
1233,91,91,91,91,7
1234,92,92,91,91,3
1235,90,90,90,90,9
1236,90,92,90,92,4
1237,92,92,90,90,6
1238,90,92,90,92,2
1239,90,90,90,90,7
1240,91,91,90,90,5
1241,91,91,91,91,2
1242,90,91,90,91,5
1243,92,92,92,92,14
1244,92,92,92,92,3
1245,92,92,92,92,6
1246,91,92,91,92,6
1247,93,93,93,93,6
1248,92,92,91,91,4
1249,90,92,90,92,3
1250,93,93,93,93,6
1251,93,93,92,92,5
1252,91,91,91,91,6
1253,91,91,91,91,4
1254,91,91,90,90,8
1255,90,91,90,91,4
1256,90,90,90,90,5
1257,90,90,90,90,5
1258,90,90,90,90,4
1259,92,92,92,92,8
1260,92,92,92,92,8
1261,92,92,91,91,6
1262,92,93,92,93,9
1263,93,93,93,93,6
1264,92,92,92,92,3
1265,92,92,92,92,8
1266,92,92,92,92,3
1267,92,92,92,92,5
1268,92,92,92,92,3
1269,92,92,92,92,9
1270,91,91,91,91,3
1271,91,93,91,93,4
1272,93,93,93,93,8
1273,92,93,92,93,3
1274,92,92,92,92,6
1275,92,92,92,92,7
1276,92,92,92,92,5
1277,92,92,91,91,3
1278,91,93,91,93,6
1279,93,93,93,93,8
1280,91,91,91,91,3
1281,91,91,91,91,8
1282,91,91,91,91,8
1283,91,91,91,91,3
1284,91,91,91,91,7
1285,91,91,91,91,7
1286,91,91,91,91,2
1287,91,91,91,91,6
1288,91,91,91,91,3
1289,91,91,91,91,5
1290,91,91,90,90,7
1291,92,92,92,92,5
1292,90,91,90,91,7
1293,92,92,91,91,2
1294,91,91,90,90,7
1295,91,91,91,91,3
1296,91,91,90,90,3
1297,91,91,91,91,4
1298,90,90,90,90,4
1299,90,90,90,90,10
1300,90,90,90,90,3
1301,90,90,90,90,10
1302,91,91,91,91,4
1303,91,92,91,92,5
1304,91,91,91,91,8
1305,90,90,90,90,10
1306,91,92,91,92,4
1307,92,92,91,91,7
1308,90,90,90,90,6
1309,90,92,90,92,4
1310,92,92,91,91,5
1311,91,91,90,90,5
1312,90,90,90,90,6
1313,91,91,90,90,3
1314,90,90,90,90,9
1315,91,91,91,91,4
1316,90,90,90,90,5
1317,90,90,90,90,4
1318,90,91,90,91,5
1319,92,92,92,92,3
1320,90,90,90,90,6
1321,90,90,90,90,4
1322,91,91,90,90,7
1323,90,90,90,90,5
1324,90,90,90,90,9
1325,90,91,90,91,7
1326,90,91,90,91,14
1327,90,90,90,90,8
1328,90,90,90,90,4
1329,90,91,90,91,4
1330,91,91,90,90,8
1331,90,90,90,90,4
1332,90,90,90,90,10
1333,91,91,91,91,6
1334,91,91,90,90,5
1335,90,90,90,90,2
1336,89,90,89,90,3
1337,90,90,90,90,2
1338,90,90,89,89,6
1339,89,89,89,89,5
1340,89,89,89,89,5
1341,89,89,89,89,7
1342,90,90,90,90,5
1343,89,90,89,90,8
1344,90,90,90,90,7
1345,91,91,89,89,5
1346,89,89,89,89,7
1347,89,89,89,89,8
1348,89,89,89,89,5
1349,90,90,89,89,8
1350,89,89,89,89,3
1351,89,90,89,90,8
1352,90,90,89,89,5
1353,91,91,91,91,10
1354,91,92,91,92,2
1355,92,92,92,92,7
1356,91,91,91,91,10
1357,91,91,90,90,7
1358,90,91,90,91,8
1359,91,91,90,90,3
1360,91,91,90,90,8
1361,89,89,89,89,4
1362,90,90,90,90,10
1363,89,89,89,89,5
1364,89,90,89,90,6
1365,89,90,89,90,11
1366,89,89,89,89,2
1367,89,90,89,90,12
1368,92,92,92,92,10
1369,92,92,91,91,2
1370,91,91,90,90,11
1371,90,90,89,89,2
1372,89,89,89,89,4
1373,89,90,89,90,6
1374,89,90,89,90,8
1375,89,90,89,90,3
1376,90,90,90,90,11
1377,91,91,89,89,3
1378,90,90,90,90,6
1379,89,89,89,89,8
1380,89,89,89,89,5
1381,89,89,89,89,6
1382,89,90,89,90,8
1383,90,90,90,90,3
1384,91,91,91,91,8
1385,91,91,91,91,3
1386,91,91,91,91,10
1387,90,90,89,89,3
1388,89,89,89,89,6
1389,91,91,91,91,6
1390,91,91,89,89,6
1391,89,89,89,89,4
1392,89,89,89,89,16
1393,92,92,91,91,12
1394,89,89,89,89,5
1395,90,91,90,91,10
1396,92,92,91,91,6
1397,90,90,89,89,10
1398,89,89,89,89,5
1399,90,90,90,90,4
1400,89,89,89,89,4
1401,89,89,89,89,5
1402,90,91,90,91,6
1403,91,91,90,90,4
1404,90,91,90,91,5
1405,91,91,91,91,5
1406,91,91,91,91,3
1407,91,91,90,90,5
1408,90,90,89,89,8
1409,89,89,89,89,4
1410,89,89,89,89,8
1411,89,90,89,90,8
1412,90,90,90,90,7
1413,91,91,89,89,4
1414,89,89,88,88,6
1415,88,88,88,88,9
1416,88,88,88,88,4
1417,89,89,89,89,4
1418,89,89,88,88,10
1419,88,88,88,88,7
1420,88,88,88,88,6
1421,88,88,88,88,5
1422,88,88,88,88,10
1423,88,88,88,88,9
1424,89,89,88,88,4
1425,88,88,88,88,3
1426,89,89,89,89,6
1427,88,89,88,89,8
1428,89,89,88,88,9
1429,88,89,88,89,10
1430,89,89,88,88,4
1431,88,88,88,88,6
1432,88,89,88,89,2
1433,90,90,90,90,8
1434,90,90,90,90,8
1435,90,90,88,88,8
1436,88,90,88,90,3
1437,89,89,89,89,6
1438,88,88,88,88,8
1439,88,88,88,88,3
1440,88,88,88,88,5
1441,88,88,88,88,5
1442,89,89,89,89,5
1443,89,89,89,89,4
1444,88,88,88,88,5
1445,88,88,88,88,4
1446,88,89,88,89,5
1447,89,89,89,89,6
1448,89,89,89,89,5
1449,88,88,88,88,6
1450,88,88,88,88,7
1451,89,89,89,89,8
1452,89,89,88,88,6
1453,88,88,88,88,7
1454,88,89,88,89,4
1455,89,90,89,90,4
1456,90,90,90,90,5
1457,90,90,89,89,6
1458,88,88,88,88,5
1459,88,88,88,88,5
1460,88,88,88,88,6
1461,88,89,88,89,7
1462,90,90,90,90,4
1463,89,89,89,89,7
1464,89,90,89,90,2
1465,90,90,90,90,14
1466,90,90,89,89,4
1467,89,89,89,89,4
1468,89,90,89,90,11
1469,90,90,90,90,3
1470,90,90,89,89,9
1471,89,89,89,89,4
1472,89,89,89,89,3
1473,89,89,89,89,8
1474,88,88,88,88,8
1475,88,89,88,89,7
1476,89,90,89,90,6
1477,88,90,88,90,5
1478,90,90,90,90,6
1479,90,91,90,91,9
1480,91,91,90,90,6
1481,91,91,91,91,2
1482,90,91,90,91,5
1483,90,90,89,89,9
1484,90,91,90,91,6
1485,92,92,92,92,2
1486,90,90,90,90,4
1487,88,88,88,88,3
1488,88,88,88,88,6
1489,88,88,87,87,9
1490,88,88,88,88,9
1491,87,87,87,87,5
1492,88,88,87,87,7
1493,88,88,87,87,4
1494,87,87,87,87,10
1495,87,87,87,87,8
1496,88,88,88,88,4
1497,89,91,89,91,6
1498,89,89,89,89,7
1499,90,90,87,87,5
1500,87,87,87,87,4
1501,87,87,87,87,7
1502,87,87,87,87,5
1503,87,87,87,87,8
1504,87,87,87,87,7
1505,87,87,87,87,5
1506,88,88,87,87,6
1507,88,88,88,88,3
1508,88,88,87,87,6
1509,87,87,87,87,3
1510,87,88,87,88,9
1511,88,88,88,88,6
1512,87,87,87,87,4
1513,87,87,87,87,6
1514,86,86,86,86,3
1515,88,88,88,88,6
1516,88,88,88,88,7
1517,89,89,89,89,4
1518,87,87,87,87,3
1519,86,86,86,86,6
1520,86,86,86,86,5
1521,87,87,86,86,6
1522,86,86,86,86,8
1523,86,86,86,86,4
1524,86,87,86,87,9
1525,87,88,87,88,5
1526,86,87,86,87,5
1527,87,87,87,87,5
1528,86,86,86,86,5
1529,86,88,86,88,3
1530,86,86,86,86,6
1531,86,86,86,86,7
1532,86,86,86,86,4
1533,86,86,86,86,7
1534,86,86,86,86,2
1535,86,86,86,86,8
1536,86,87,86,87,6
1537,87,87,87,87,8
1538,87,87,86,86,3
1539,86,86,86,86,7
1540,86,87,86,87,10
1541,87,87,86,86,3
1542,86,86,86,86,9
1543,85,85,85,85,4
1544,85,86,85,86,7
1545,86,87,86,87,3
1546,87,87,87,87,3
1547,85,87,85,87,4
1548,87,87,87,87,9
1549,87,87,87,87,7
1550,87,87,87,87,4
1551,85,85,85,85,8
1552,87,87,87,87,7
1553,88,88,88,88,6
1554,88,88,88,88,6
1555,87,87,87,87,9
1556,86,86,86,86,6
1557,86,86,85,85,4
1558,85,85,85,85,5
1559,85,85,85,85,9
1560,85,87,85,87,5
1561,88,88,87,87,3
1562,85,85,85,85,8
1563,85,85,85,85,4
1564,85,86,85,86,4
1565,86,86,86,86,12
1566,86,86,85,85,8
1567,85,86,85,86,7
1568,86,86,86,86,2
1569,85,85,85,85,8
1570,85,85,85,85,4
1571,85,85,85,85,7
1572,86,86,86,86,8
1573,87,88,87,88,6
1574,88,88,88,88,4
1575,87,87,87,87,5
1576,86,86,86,86,5
1577,87,87,87,87,8
1578,86,86,85,85,6
1579,85,85,85,85,5
1580,85,86,85,86,3
1581,85,85,85,85,5
1582,84,84,84,84,4
1583,84,85,84,85,3
1584,85,86,85,86,2
1585,86,86,86,86,2
1586,87,87,87,87,8
1587,86,86,85,85,8
1588,85,85,84,84,5
1589,84,86,84,86,7
1590,87,87,87,87,5
1591,87,88,87,88,3
1592,88,88,88,88,6
1593,88,88,87,87,8
1594,88,88,88,88,3
1595,87,87,87,87,6
1596,87,87,87,87,10
1597,87,87,86,86,7
1598,88,88,86,86,9
1599,86,86,86,86,2
1600,85,85,84,84,10
1601,84,84,84,84,2
1602,84,84,84,84,6
1603,85,85,84,84,7
1604,85,85,85,85,5
1605,85,85,85,85,5
1606,85,85,84,84,5
1607,84,84,84,84,2
1608,84,84,84,84,9
1609,84,84,84,84,3
1610,84,85,84,85,11
1611,85,85,84,84,13
1612,84,85,84,85,7
1613,86,86,86,86,6
1614,86,86,85,85,5
1615,84,84,84,84,2
1616,84,85,84,85,5
1617,85,85,85,85,10
1618,84,85,84,85,7
1619,86,86,86,86,8
1620,85,85,84,84,4
1621,84,84,84,84,6
1622,84,84,84,84,4
1623,84,84,84,84,5
1624,83,85,83,85,8
1625,85,85,85,85,8
1626,85,85,84,84,8
1627,83,83,83,83,7
1628,84,84,83,83,5
1629,83,83,83,83,5
1630,83,84,83,84,8
1631,84,84,83,83,7
1632,83,83,83,83,10
1633,83,83,83,83,6
1634,84,84,84,84,3
1635,83,83,83,83,7
1636,83,84,83,84,7
1637,83,84,83,84,6
1638,85,85,85,85,10
1639,85,85,85,85,9
1640,84,85,84,85,7
1641,84,85,84,85,14
1642,84,84,83,83,5
1643,85,85,85,85,3
1644,85,85,83,83,9
1645,83,83,83,83,2
1646,83,83,83,83,6
1647,83,83,82,82,8
1648,84,84,84,84,4
1649,85,85,85,85,10
1650,85,85,85,85,3
1651,85,85,84,84,6
1652,84,84,84,84,4
1653,83,85,83,85,7
1654,85,86,85,86,2
1655,85,85,83,83,4
1656,86,86,86,86,9
1657,86,86,86,86,5
1658,85,85,85,85,6
1659,85,85,85,85,3
1660,84,84,84,84,8
1661,83,83,83,83,7
1662,84,85,84,85,6
1663,85,86,85,86,3
1664,86,86,86,86,6
1665,86,86,86,86,3
1666,86,87,86,87,4
1667,87,87,87,87,9
1668,86,86,85,85,10
1669,84,85,84,85,12
1670,85,87,85,87,8
1671,87,87,85,85,12
1672,87,87,86,86,3
1673,87,87,87,87,4
1674,86,86,86,86,9
1675,85,85,85,85,10
1676,84,85,84,85,11
1677,86,86,84,84,3
1678,84,84,84,84,3
1679,84,84,84,84,9
1680,84,84,84,84,8
1681,84,84,84,84,7
1682,84,84,84,84,8
1683,85,86,85,86,9
1684,84,84,84,84,9
1685,84,86,84,86,11
1686,85,85,85,85,10
1687,85,85,85,85,5
1688,86,86,86,86,2
1689,86,86,85,85,4
1690,84,84,84,84,7
1691,86,86,86,86,8
1692,85,86,85,86,4
1693,86,87,86,87,8
1694,87,87,87,87,6
1695,85,85,85,85,6
1696,83,83,83,83,6
1697,83,83,83,83,4
1698,84,85,84,85,10
1699,83,83,83,83,2
1700,83,83,83,83,6
1701,83,85,83,85,7
1702,85,85,85,85,4
1703,85,85,85,85,9
1704,85,86,85,86,6
1705,86,86,86,86,4
1706,85,86,85,86,7
1707,85,85,85,85,8
1708,86,86,85,85,8
1709,85,85,85,85,8
1710,85,86,85,86,3
1711,87,87,87,87,8
1712,85,85,84,84,6
1713,86,87,86,87,8
1714,87,87,87,87,3
1715,87,87,87,87,7
1716,87,87,86,86,6
1717,86,86,86,86,6
1718,85,87,85,87,7
1719,85,87,85,87,6
1720,86,86,85,85,12
1721,85,86,85,86,6
1722,87,87,87,87,7
1723,87,87,85,85,7
1724,85,85,85,85,4
1725,85,85,84,84,8
1726,84,85,84,85,9
1727,84,85,84,85,5
1728,86,86,86,86,7
1729,84,84,84,84,5
1730,84,84,84,84,8
1731,85,85,84,84,8
1732,84,84,84,84,4
1733,84,84,84,84,11
1734,85,85,84,84,6
1735,84,84,84,84,5
1736,84,84,84,84,3
1737,85,85,85,85,5
1738,85,85,85,85,4
1739,86,86,86,86,10
1740,86,86,86,86,9
1741,86,86,84,84,6
1742,84,84,84,84,6
1743,85,85,85,85,7
1744,85,85,84,84,6
1745,84,84,84,84,5
1746,84,84,84,84,4
1747,84,84,84,84,9
1748,83,85,83,85,3
1749,85,85,85,85,4
1750,84,85,84,85,9
1751,85,85,85,85,4
1752,86,86,86,86,3
1753,87,87,87,87,5
1754,85,85,85,85,4
1755,86,86,85,85,7
1756,85,85,84,84,6
1757,84,84,84,84,2
1758,84,85,84,85,5
1759,85,85,84,84,3
1760,84,84,84,84,7
1761,83,84,83,84,4
1762,84,84,84,84,6
1763,84,84,83,83,3
1764,83,85,83,85,13
1765,85,86,85,86,5
1766,86,86,86,86,4
1767,86,87,86,87,6
1768,87,87,84,84,11
1769,84,84,84,84,6
1770,86,86,86,86,6
1771,86,86,84,84,4
1772,84,84,84,84,5
1773,85,85,84,84,6
1774,83,83,83,83,6
1775,84,84,83,83,6
1776,83,84,83,84,3
1777,83,83,83,83,5
1778,83,83,83,83,9
1779,84,84,84,84,10
1780,83,83,83,83,7
1781,83,83,83,83,4
1782,83,83,83,83,4
1783,83,83,83,83,7
1784,83,83,83,83,6
1785,83,83,83,83,9
1786,83,83,83,83,8
1787,83,83,83,83,7
1788,84,84,84,84,8
1789,84,84,84,84,5
1790,83,84,83,84,6
1791,84,84,83,83,2
1792,83,83,83,83,6
1793,83,84,83,84,5
1794,84,84,84,84,7
1795,85,85,83,83,7
1796,83,83,83,83,6
1797,83,83,83,83,3
1798,85,85,85,85,5
1799,85,85,85,85,3
1800,83,83,83,83,6
1801,83,83,83,83,10
1802,83,83,82,82,6
1803,82,82,82,82,2
1804,83,84,83,84,7
1805,82,83,82,83,11
1806,82,82,82,82,3
1807,82,83,82,83,10
1808,83,83,83,83,5
1809,83,83,82,82,3
1810,82,82,82,82,9
1811,82,82,82,82,4
1812,82,83,82,83,4
1813,83,83,83,83,9
1814,83,83,83,83,9
1815,84,84,84,84,4
1816,82,82,82,82,4
1817,84,84,84,84,7
1818,84,85,84,85,8
1819,85,85,85,85,3
1820,85,86,85,86,6
1821,86,86,86,86,3
1822,85,85,85,85,10
1823,86,86,85,85,2
1824,85,85,85,85,10
1825,84,84,84,84,5
1826,84,84,84,84,9
1827,83,85,83,85,4
1828,85,85,85,85,10
1829,86,86,83,83,2
1830,83,86,83,86,5
1831,84,86,84,86,7
1832,87,87,87,87,6
1833,87,87,85,85,2
1834,84,84,84,84,7
1835,84,84,84,84,10
1836,85,85,84,84,8
1837,84,84,84,84,7
1838,85,85,85,85,6
1839,86,86,86,86,4
1840,86,86,86,86,4
1841,86,86,86,86,11
1842,84,84,84,84,10
1843,84,84,84,84,4
1844,84,84,83,83,7
1845,83,83,83,83,8
1846,84,84,84,84,17
1847,84,84,84,84,10
1848,85,85,85,85,5
1849,85,86,85,86,3
1850,86,86,85,85,14
1851,84,84,83,83,6
1852,83,83,83,83,5
1853,83,84,83,84,11
1854,83,83,83,83,7
1855,83,83,83,83,3
1856,83,84,83,84,4
1857,83,83,83,83,8
1858,82,82,82,82,3
1859,82,83,82,83,6
1860,84,84,82,82,2
1861,82,84,82,84,6
1862,84,84,84,84,7
1863,83,83,82,82,8
1864,82,83,82,83,10
1865,83,83,83,83,4
1866,84,84,84,84,4
1867,84,84,84,84,4
1868,84,85,84,85,4
1869,85,85,85,85,10
1870,86,86,86,86,4
1871,86,86,84,84,7
1872,84,86,84,86,11
1873,85,86,85,86,6
1874,87,87,87,87,5
1875,87,87,87,87,7
1876,86,86,86,86,4
1877,86,86,86,86,6
1878,86,86,86,86,4
1879,87,87,87,87,7
1880,87,87,87,87,7
1881,87,87,87,87,6
1882,86,86,86,86,2
1883,87,87,87,87,2
1884,87,87,86,86,6
1885,87,87,87,87,3
1886,87,87,87,87,3
1887,87,87,87,87,4
1888,87,87,87,87,12
1889,87,87,87,87,9
1890,87,87,86,86,9
1891,86,86,86,86,7
1892,86,86,85,85,7
1893,85,85,85,85,4
1894,86,86,86,86,11
1895,86,86,85,85,5
1896,85,85,85,85,5
1897,85,86,85,86,10
1898,86,86,86,86,8
1899,85,85,85,85,2
1900,85,85,85,85,3
1901,85,85,85,85,5
1902,85,85,85,85,8
1903,84,84,84,84,8
1904,85,86,85,86,2
1905,86,86,86,86,7
1906,86,86,85,85,3
1907,84,84,84,84,3
1908,86,86,86,86,3
1909,86,86,86,86,5
1910,87,87,87,87,2
1911,87,87,84,84,9
1912,84,85,84,85,2
1913,84,84,84,84,8
1914,84,84,84,84,4
1915,84,84,84,84,4
1916,84,85,84,85,8
1917,85,85,85,85,4
1918,85,85,85,85,7
1919,85,85,85,85,4
1920,86,86,84,84,11
1921,84,84,84,84,4
1922,84,84,84,84,2
1923,85,86,85,86,4
1924,86,86,84,84,5
1925,85,85,84,84,5
1926,84,84,84,84,7
1927,84,84,84,84,3
1928,84,85,84,85,4
1929,86,86,86,86,5
1930,85,85,84,84,8
1931,84,84,84,84,8
1932,84,84,84,84,9
1933,85,86,85,86,6
1934,86,86,85,85,7
1935,85,85,84,84,5
1936,84,85,84,85,8
1937,85,85,85,85,3
1938,84,86,84,86,8
1939,86,86,86,86,2
1940,87,87,86,86,4
1941,84,84,83,83,3
1942,83,83,83,83,7
1943,84,84,84,84,2
1944,86,86,86,86,2
1945,86,86,86,86,8
1946,87,87,87,87,3
1947,87,87,86,86,9
1948,84,85,84,85,5
1949,85,85,85,85,6
1950,85,86,85,86,7
1951,87,87,87,87,5
1952,87,87,86,86,7
1953,86,87,86,87,4
1954,87,87,87,87,9
1955,86,86,86,86,8
1956,86,86,86,86,4
1957,86,86,85,85,9
1958,86,86,86,86,7
1959,86,87,86,87,7
1960,87,87,87,87,9
1961,87,87,87,87,5
1962,85,85,85,85,9
1963,84,84,84,84,6
1964,84,84,84,84,10
1965,84,84,84,84,4
1966,84,84,84,84,8
1967,84,84,84,84,10
1968,85,85,85,85,7
1969,85,85,85,85,6
1970,85,85,85,85,9
1971,85,85,84,84,12
1972,84,85,84,85,10
1973,83,85,83,85,5
1974,85,85,84,84,9
1975,85,86,85,86,7
1976,84,84,84,84,10
1977,85,85,85,85,10
1978,85,85,84,84,2
1979,83,86,83,86,7
1980,86,86,86,86,7
1981,86,86,86,86,6
1982,86,86,86,86,6
1983,85,85,85,85,10
1984,85,85,85,85,7
1985,85,85,85,85,7
1986,85,85,85,85,3
1987,84,86,84,86,3
1988,86,87,86,87,5
1989,87,87,85,85,5
1990,86,87,86,87,12
1991,87,87,86,86,5
1992,85,87,85,87,7
1993,87,87,87,87,7
1994,85,85,84,84,4
1995,84,84,84,84,6
1996,84,84,84,84,6
1997,85,85,84,84,6
1998,84,84,84,84,7
1999,84,85,84,85,6
2000,85,85,85,85,9
2001,85,85,85,85,4
2002,86,86,84,84,13
2003,83,83,83,83,8
2004,83,83,83,83,5
2005,86,86,85,85,4
2006,85,85,84,84,4
2007,83,83,83,83,6
2008,84,86,84,86,2
2009,86,86,86,86,4
2010,85,85,85,85,7
2011,84,84,83,83,5
2012,83,83,83,83,2
2013,83,85,83,85,8
2014,85,85,83,83,9
2015,84,84,84,84,7
2016,84,84,84,84,5
2017,84,84,83,83,8
2018,83,86,83,86,6
2019,85,86,85,86,6
2020,87,87,85,85,5
2021,84,85,84,85,3
2022,87,87,87,87,4
2023,87,87,87,87,3
2024,85,85,84,84,4
2025,84,84,84,84,3
2026,84,85,84,85,7
2027,85,85,85,85,8
2028,85,85,85,85,10
2029,85,85,84,84,10
2030,84,84,84,84,3
2031,83,85,83,85,8
2032,84,84,84,84,6
2033,84,84,84,84,6
2034,85,86,85,86,7
2035,85,85,85,85,5
2036,85,85,85,85,2
2037,85,85,85,85,3
2038,83,83,83,83,6
2039,83,83,83,83,10
2040,83,83,83,83,4
2041,83,86,83,86,13
2042,86,86,86,86,4
2043,83,85,83,85,5
2044,86,86,86,86,4
2045,83,86,83,86,8
2046,86,86,86,86,5
2047,86,86,85,85,4
2048,84,84,84,84,10
2049,83,83,83,83,4
2050,86,86,86,86,6
2051,85,85,83,83,7
2052,85,86,85,86,3
2053,86,87,86,87,5
2054,86,86,85,85,6
2055,86,86,86,86,10
2056,86,86,86,86,8
2057,87,87,87,87,4
2058,85,85,85,85,8
2059,87,87,85,85,10
2060,85,87,85,87,9
2061,87,87,86,86,10
2062,88,88,88,88,6
2063,88,88,88,88,6
2064,88,88,88,88,5
2065,88,88,87,87,8
2066,87,87,86,86,5
2067,86,86,86,86,5
2068,86,88,86,88,8
2069,88,88,88,88,6
2070,88,88,88,88,7
2071,87,88,87,88,8
2072,88,88,88,88,5
2073,88,88,87,87,6
2074,87,87,87,87,9
2075,86,86,86,86,6
2076,86,86,86,86,6
2077,88,88,88,88,4
2078,88,88,87,87,5
2079,87,87,87,87,3
2080,87,87,87,87,4
2081,87,87,87,87,4
2082,87,87,87,87,4
2083,88,88,88,88,9
2084,87,88,87,88,5
2085,87,88,87,88,7
2086,87,87,87,87,5
2087,86,86,86,86,11
2088,85,85,85,85,5
2089,85,85,85,85,5
2090,85,85,85,85,8
2091,85,85,84,84,7
2092,84,85,84,85,4
2093,85,85,85,85,7
2094,84,85,84,85,7
2095,85,85,85,85,3
2096,84,84,84,84,5
2097,85,85,85,85,10
2098,84,84,84,84,8
2099,84,84,84,84,9
2100,86,87,86,87,8
2101,87,87,86,86,5
2102,87,87,87,87,3
2103,86,86,86,86,3
2104,87,87,86,86,7
2105,86,86,86,86,4
2106,87,87,87,87,9
2107,87,87,86,86,5
2108,86,86,86,86,5
2109,86,87,86,87,2
2110,87,87,87,87,7
2111,87,87,87,87,2
2112,86,86,86,86,7
2113,87,87,87,87,10
2114,87,87,87,87,3
2115,87,87,86,86,2
2116,86,86,86,86,8
2117,86,86,86,86,5
2118,86,86,85,85,6
2119,85,85,85,85,2
2120,86,86,86,86,4
2121,88,88,88,88,9
2122,88,88,88,88,2
2123,88,88,88,88,7
2124,88,88,86,86,5
2125,87,88,87,88,4
2126,88,88,88,88,5
2127,86,86,86,86,5
2128,86,86,85,85,5
2129,87,88,87,88,8
2130,85,85,85,85,10
2131,85,85,85,85,4
2132,86,86,85,85,6
2133,85,85,85,85,2
2134,86,86,86,86,9
2135,88,88,88,88,10
2136,85,85,85,85,10
2137,88,88,88,88,5
2138,88,88,85,85,14
2139,85,85,85,85,9
2140,85,85,85,85,5
2141,85,85,85,85,9
2142,85,85,85,85,6
2143,86,87,86,87,7
2144,86,86,86,86,5
2145,86,86,86,86,7
2146,87,87,87,87,4
2147,85,85,85,85,8
2148,85,85,84,84,10
2149,84,84,84,84,9
2150,84,86,84,86,11
2151,84,84,84,84,8
2152,86,86,86,86,3
2153,84,84,84,84,7
2154,84,84,84,84,6
2155,84,84,84,84,4
2156,84,86,84,86,6
2157,84,84,84,84,10
2158,84,84,84,84,8
2159,84,85,84,85,6
2160,84,85,84,85,10
2161,86,86,84,84,4
2162,84,84,84,84,7
2163,84,85,84,85,8
2164,85,85,85,85,6
2165,85,85,84,84,4
2166,84,85,84,85,7
2167,85,85,84,84,5
2168,84,84,84,84,5
2169,84,84,84,84,6
2170,83,84,83,84,7
2171,84,84,83,83,4
2172,83,84,83,84,5
2173,85,85,85,85,3
2174,86,87,86,87,4
2175,87,87,86,86,7
2176,86,86,86,86,8
2177,88,88,87,87,5
2178,87,87,87,87,3
2179,87,88,87,88,9
2180,87,87,87,87,8
2181,87,87,87,87,8
2182,87,88,87,88,3
2183,88,88,88,88,4
2184,88,88,88,88,4
2185,87,88,87,88,5
2186,88,88,87,87,12
2187,87,88,87,88,8
2188,88,88,87,87,3
2189,88,88,87,87,7
2190,87,87,87,87,4
2191,87,88,87,88,6
2192,88,88,87,87,8
2193,87,88,87,88,9
2194,88,88,88,88,6
2195,88,88,86,86,4
2196,86,86,86,86,5
2197,86,87,86,87,4
2198,87,87,86,86,9
2199,86,86,86,86,6
2200,87,87,87,87,8
2201,86,86,86,86,14
2202,86,87,86,87,4
2203,87,87,87,87,2
2204,87,87,87,87,5
2205,87,87,87,87,6
2206,86,86,86,86,3
2207,88,88,88,88,5
2208,86,86,86,86,7
2209,86,86,86,86,6
2210,85,85,85,85,5
2211,85,86,85,86,5
2212,86,86,85,85,5
2213,85,86,85,86,3
2214,86,86,85,85,9
2215,85,85,85,85,5
2216,85,85,85,85,10
2217,86,86,86,86,5
2218,86,86,84,84,3
2219,84,86,84,86,4
2220,87,87,86,86,6
2221,85,85,85,85,2
2222,85,87,85,87,7
2223,88,88,87,87,3
2224,85,85,84,84,3
2225,84,84,84,84,7
2226,84,84,83,83,6
2227,83,84,83,84,6
2228,83,83,83,83,2
2229,83,84,83,84,7
2230,83,83,83,83,4
2231,83,83,83,83,8
2232,83,83,83,83,7
2233,83,83,83,83,2
2234,83,84,83,84,3
2235,84,84,84,84,5
2236,84,84,84,84,10
2237,84,85,84,85,12
2238,84,84,84,84,8
2239,84,84,83,83,8
2240,85,85,85,85,5
2241,83,83,83,83,2
2242,83,83,83,83,10
2243,83,84,83,84,5
2244,84,84,84,84,9
2245,83,83,83,83,4
2246,83,83,83,83,2
2247,83,83,83,83,6
2248,83,83,83,83,13
2249,84,84,84,84,9
2250,85,85,85,85,2
2251,85,85,85,85,5
2252,85,85,85,85,4
2253,85,85,85,85,5
2254,85,85,84,84,6
2255,85,85,85,85,5
2256,85,85,84,84,5
2257,85,85,85,85,6
2258,86,86,85,85,12
2259,85,85,85,85,8
2260,86,86,86,86,10
2261,85,86,85,86,2
2262,86,86,85,85,3
2263,85,85,85,85,9
2264,85,85,84,84,5
2265,86,86,86,86,9
2266,85,85,85,85,6
2267,84,86,84,86,6
2268,86,86,86,86,4
2269,84,84,84,84,9
2270,84,84,83,83,3
2271,85,86,85,86,9
2272,83,86,83,86,6
2273,86,86,84,84,5
2274,86,86,86,86,4
2275,85,85,85,85,8
2276,84,86,84,86,4
2277,86,86,84,84,12
2278,84,85,84,85,6
2279,86,86,85,85,6
2280,86,86,86,86,9
2281,86,86,86,86,3
2282,86,86,86,86,4
2283,85,85,85,85,9
2284,86,86,86,86,6
2285,86,86,86,86,10
2286,85,85,84,84,6
2287,84,86,84,86,5
2288,86,86,84,84,5
2289,84,84,84,84,4
2290,84,84,83,83,4
2291,83,84,83,84,10
2292,83,83,83,83,12
2293,83,84,83,84,6
2294,83,83,83,83,5
2295,83,83,83,83,6
2296,83,83,83,83,5
2297,84,84,83,83,6
2298,83,84,83,84,7
2299,84,84,83,83,8
2300,83,83,83,83,8
2301,83,83,83,83,10
2302,83,84,83,84,6
2303,84,84,83,83,6
2304,83,83,83,83,6
2305,84,84,84,84,9
2306,83,83,83,83,6
2307,83,83,83,83,5
2308,85,85,85,85,9
2309,83,83,83,83,5
2310,82,84,82,84,3
2311,84,85,84,85,4
2312,85,85,85,85,4
2313,83,84,83,84,7
2314,84,84,84,84,9
2315,84,84,84,84,8
2316,83,83,83,83,6
2317,83,84,83,84,9
2318,82,84,82,84,5
2319,84,85,84,85,6
2320,85,85,82,82,7
2321,82,82,82,82,10
2322,82,84,82,84,5
2323,85,85,84,84,6
2324,83,83,82,82,8
2325,82,82,82,82,7
2326,82,83,82,83,8
2327,84,85,84,85,6
2328,85,85,85,85,10
2329,85,85,85,85,7
2330,84,85,84,85,4
2331,85,85,82,82,9
2332,82,82,82,82,4
2333,85,85,85,85,5
2334,84,84,83,83,4
2335,83,83,83,83,7
2336,83,83,82,82,6
2337,82,82,82,82,9
2338,83,83,83,83,7
2339,84,84,82,82,8
2340,82,84,82,84,6
2341,82,83,82,83,10
2342,83,83,83,83,3
2343,83,83,82,82,3
2344,82,85,82,85,8
2345,82,82,82,82,3
2346,82,85,82,85,3
2347,85,85,82,82,10
2348,82,84,82,84,8
2349,85,85,85,85,6
2350,85,85,85,85,9
2351,83,83,83,83,13
2352,84,84,83,83,9
2353,83,84,83,84,3
2354,84,84,84,84,3
2355,83,83,83,83,7
2356,83,83,83,83,7
2357,83,83,83,83,3
2358,82,82,82,82,5
2359,82,82,82,82,6
2360,83,83,82,82,10
2361,84,84,82,82,6
2362,82,82,82,82,3
2363,82,82,82,82,15
2364,82,82,82,82,5
2365,82,82,82,82,2
2366,82,82,82,82,8
2367,82,82,82,82,6
2368,83,83,83,83,7
2369,82,82,82,82,3
2370,83,83,82,82,10
2371,82,82,82,82,4
2372,83,83,82,82,4
2373,82,82,82,82,4
2374,82,82,82,82,9
2375,82,82,82,82,6
2376,82,82,82,82,2
2377,82,82,82,82,10
2378,82,82,82,82,7
2379,82,82,82,82,8
2380,82,83,82,83,5
2381,83,84,83,84,7
2382,84,84,82,82,5
2383,82,82,82,82,6
2384,83,83,82,82,10
2385,84,84,84,84,4
2386,83,83,82,82,7
2387,82,82,82,82,7
2388,82,84,82,84,10
2389,84,84,84,84,2
2390,84,84,84,84,10
2391,83,83,82,82,5
2392,82,84,82,84,3
2393,82,84,82,84,7
2394,82,82,82,82,11
2395,82,82,82,82,2
2396,82,82,82,82,8
2397,82,82,82,82,6
2398,82,82,82,82,7
2399,82,83,82,83,6
2400,82,82,82,82,4
2401,83,83,83,83,4
2402,82,82,82,82,5
2403,83,83,82,82,7
2404,83,83,83,83,8
2405,82,82,82,82,5
2406,82,82,82,82,5
2407,83,83,83,83,8
2408,83,83,83,83,4
2409,83,83,83,83,7
2410,83,83,83,83,5
2411,83,83,82,82,6
2412,82,82,82,82,11
2413,83,83,83,83,9
2414,83,83,83,83,4
2415,83,83,83,83,6
2416,84,84,83,83,6
2417,82,82,82,82,7
2418,82,82,82,82,6
2419,82,82,82,82,6
2420,82,82,82,82,5
2421,82,82,82,82,10
2422,82,82,82,82,5
2423,84,84,84,84,4
2424,83,83,83,83,3
2425,83,83,82,82,9
2426,84,84,84,84,10
2427,83,83,83,83,2
2428,83,83,82,82,4
2429,82,83,82,83,3
2430,84,84,83,83,5
2431,83,83,83,83,6
2432,83,83,82,82,3
2433,82,82,82,82,6
2434,82,82,82,82,3
2435,82,83,82,83,3
2436,84,84,84,84,5
2437,84,84,84,84,10
2438,83,83,83,83,10
2439,83,83,83,83,5
2440,82,82,82,82,6
2441,83,83,82,82,2
2442,82,83,82,83,8
2443,83,83,82,82,3
2444,83,84,83,84,11
2445,84,84,83,83,4
2446,83,83,82,82,3
2447,82,84,82,84,12
2448,84,84,83,83,7
2449,82,82,82,82,4
2450,82,82,82,82,4
2451,82,82,82,82,9
2452,82,82,82,82,6
2453,82,82,82,82,3
2454,82,82,82,82,7
2455,82,83,82,83,9
2456,84,84,84,84,9
2457,84,84,84,84,7
2458,84,84,84,84,7
2459,82,82,82,82,10
2460,82,82,82,82,5
2461,82,82,82,82,7
2462,82,82,82,82,7
2463,82,82,82,82,6
2464,82,82,82,82,7
2465,82,82,82,82,8
2466,82,82,81,81,2
2467,81,81,81,81,6
2468,81,81,81,81,3
2469,81,82,81,82,3
2470,81,81,81,81,2
2471,81,82,81,82,8
2472,83,83,83,83,8
2473,82,83,82,83,3
2474,83,83,83,83,3
2475,83,83,82,82,9
2476,81,81,81,81,5
2477,81,83,81,83,5
2478,83,83,83,83,2
2479,84,84,84,84,6
2480,82,83,82,83,12
2481,82,82,82,82,3
2482,82,82,82,82,9
2483,82,82,82,82,9
2484,82,82,81,81,10
2485,81,81,81,81,4
2486,81,81,81,81,7
2487,81,81,81,81,8
2488,81,81,81,81,3
2489,82,83,82,83,4
2490,83,83,83,83,6
2491,83,83,83,83,6
2492,83,83,83,83,9
2493,82,82,81,81,7
2494,81,82,81,82,6
2495,83,83,82,82,8
2496,81,81,81,81,3
2497,81,81,81,81,10
2498,81,81,81,81,5
2499,81,83,81,83,10
2500,83,83,83,83,3
2501,83,83,82,82,6
2502,81,81,81,81,4
2503,81,81,81,81,7
2504,83,83,83,83,10
2505,82,82,82,82,4
2506,81,81,81,81,4
2507,81,81,81,81,6
2508,81,81,81,81,2
2509,81,81,81,81,7
2510,81,81,81,81,4
2511,81,82,81,82,4
2512,82,82,82,82,3
2513,81,82,81,82,5
2514,82,82,82,82,4
2515,81,81,81,81,6
2516,81,81,81,81,8
2517,82,82,81,81,12
2518,81,81,81,81,4
2519,81,82,81,82,6
2520,82,82,81,81,11
2521,81,81,81,81,5
2522,81,81,81,81,4
2523,81,81,81,81,5
2524,81,82,81,82,4
2525,82,82,82,82,2
2526,82,82,82,82,4
2527,82,82,81,81,4
2528,81,81,81,81,6
2529,81,81,81,81,15
2530,81,81,81,81,3
2531,82,82,81,81,10
2532,81,81,81,81,6
2533,81,82,81,82,8
2534,81,81,81,81,10
2535,81,81,81,81,2
2536,81,81,81,81,3
2537,81,81,81,81,9
2538,81,81,81,81,7
2539,82,82,82,82,2
2540,81,82,81,82,5
2541,82,83,82,83,7
2542,83,83,82,82,7
2543,82,82,81,81,3
2544,81,81,81,81,4
2545,82,82,82,82,8
2546,81,81,81,81,3
2547,82,82,82,82,7
2548,81,81,81,81,7
2549,81,83,81,83,4
2550,82,82,81,81,9
2551,81,82,81,82,3
2552,82,83,82,83,8
2553,83,83,83,83,7
2554,81,83,81,83,3
2555,83,83,82,82,8
2556,81,81,81,81,2
2557,80,80,80,80,9
2558,82,83,82,83,10
2559,83,83,82,82,7
2560,82,82,82,82,2
2561,82,82,82,82,12
2562,82,82,82,82,7
2563,81,81,81,81,7
2564,81,81,81,81,7
2565,83,83,83,83,4
2566,83,83,81,81,10
2567,81,81,81,81,4
2568,80,80,80,80,4
2569,80,80,80,80,4
2570,80,80,80,80,2
2571,80,80,80,80,5
2572,80,80,80,80,10
2573,80,81,80,81,7
2574,81,81,81,81,7
2575,80,80,80,80,4
2576,80,80,80,80,10
2577,80,80,80,80,4
2578,80,80,80,80,9
2579,80,81,80,81,4
2580,81,81,81,81,6
2581,81,81,80,80,10
2582,80,80,80,80,8
2583,80,81,80,81,5
2584,81,82,81,82,5
2585,81,81,81,81,9
2586,80,80,80,80,7
2587,81,81,81,81,7
2588,80,80,80,80,10
2589,80,80,80,80,6
2590,80,81,80,81,11
2591,81,81,81,81,3
2592,82,82,82,82,7
2593,82,82,82,82,4
2594,81,82,81,82,4
2595,81,81,81,81,5
2596,80,80,80,80,9
2597,81,81,80,80,7
2598,80,80,80,80,8
2599,80,80,80,80,4
2600,80,81,80,81,4
2601,83,83,83,83,4
2602,83,83,82,82,11
2603,82,82,82,82,7
2604,83,83,82,82,4
2605,82,83,82,83,5
2606,83,83,83,83,5
2607,82,82,82,82,5
2608,82,82,82,82,11
2609,83,83,83,83,10
2610,82,82,82,82,10
2611,81,82,81,82,5
2612,81,83,81,83,7
2613,83,83,82,82,5
2614,83,83,83,83,8
2615,81,81,81,81,4
2616,82,83,82,83,6
2617,83,83,83,83,3
2618,81,82,81,82,10
2619,81,81,81,81,8
2620,81,81,81,81,4
2621,81,82,81,82,3
2622,82,83,82,83,3
2623,81,81,81,81,3
2624,82,82,81,81,9
2625,81,81,81,81,6
2626,82,83,82,83,2
2627,83,83,83,83,6
2628,83,83,82,82,2
2629,82,83,82,83,11
2630,83,83,81,81,7
2631,81,82,81,82,6
2632,82,83,82,83,8
2633,83,83,83,83,4
2634,84,84,84,84,3
2635,84,84,84,84,8
2636,83,83,83,83,3
2637,83,83,82,82,3
2638,82,82,82,82,3
2639,81,81,81,81,7
2640,82,82,81,81,4
2641,81,81,81,81,5
2642,81,81,81,81,8
2643,81,81,80,80,2
2644,80,80,80,80,10
2645,82,82,82,82,8
2646,82,82,82,82,9
2647,82,82,80,80,9
2648,83,83,83,83,7
2649,82,82,82,82,6
2650,82,82,82,82,10
2651,82,82,82,82,7
2652,81,81,81,81,5
2653,81,81,81,81,5
2654,81,81,81,81,7
2655,81,81,80,80,2
2656,80,80,80,80,5
2657,80,80,80,80,8
2658,80,80,80,80,2
2659,80,80,80,80,5
2660,82,82,82,82,3
2661,83,83,83,83,7
2662,80,80,80,80,3
2663,80,83,80,83,10
2664,82,83,82,83,6
2665,83,83,83,83,10
2666,83,83,82,82,2
2667,82,82,82,82,5
2668,82,82,81,81,8
2669,82,82,82,82,16
2670,81,81,81,81,6
2671,81,81,81,81,3
2672,81,81,81,81,8
2673,81,81,80,80,7
2674,80,80,80,80,5
2675,82,82,82,82,6
2676,80,80,80,80,4
2677,80,80,80,80,7
2678,80,81,80,81,6
2679,80,80,80,80,5
2680,80,80,80,80,5
2681,80,80,80,80,3
2682,80,80,80,80,7
2683,80,80,80,80,7
2684,81,81,80,80,3
2685,80,80,80,80,7
2686,80,81,80,81,5
2687,81,81,80,80,4
2688,80,80,80,80,5
2689,80,80,80,80,10
2690,81,81,81,81,5
2691,80,80,80,80,14
2692,82,82,82,82,8
2693,82,82,80,80,2
2694,80,82,80,82,7
2695,81,82,81,82,9
2696,82,82,82,82,4
2697,81,81,80,80,5
2698,80,80,80,80,3
2699,80,80,80,80,6
2700,80,80,80,80,8
2701,81,81,81,81,7
2702,82,82,82,82,15
2703,82,82,81,81,10
2704,82,82,82,82,5
2705,82,82,82,82,9
2706,81,81,81,81,3
2707,83,83,83,83,5
2708,81,81,81,81,5
2709,81,83,81,83,5
2710,82,82,82,82,7
2711,82,82,82,82,9
2712,82,82,82,82,3
2713,82,82,82,82,9
2714,82,82,81,81,7
2715,81,81,80,80,5
2716,80,80,80,80,8
2717,83,83,82,82,3
2718,82,82,80,80,5
2719,82,83,82,83,8
2720,83,83,83,83,16
2721,82,82,82,82,7
2722,82,82,82,82,5
2723,82,82,82,82,9
2724,82,82,80,80,7
2725,80,81,80,81,9
2726,81,81,81,81,7
2727,82,82,81,81,4
2728,80,81,80,81,4
2729,82,82,82,82,4
2730,82,82,82,82,8
2731,82,82,81,81,8
2732,83,83,83,83,9
2733,83,83,82,82,6
2734,81,81,81,81,4
2735,81,81,81,81,10
2736,81,81,80,80,6
2737,82,82,82,82,3
2738,83,83,83,83,5
2739,83,83,80,80,4
2740,80,80,80,80,9
2741,81,82,81,82,4
2742,82,82,80,80,7
2743,80,83,80,83,10
2744,82,83,82,83,4
2745,82,82,81,81,10
2746,83,83,83,83,2
2747,83,83,82,82,8
2748,82,82,82,82,3
2749,82,82,81,81,5
2750,83,83,83,83,7
2751,81,81,81,81,10
2752,81,81,81,81,7
2753,81,81,81,81,3
2754,82,82,82,82,7
2755,81,81,81,81,5
2756,81,81,81,81,5
