seq,price,qty,side
0,100,7,S
1,100,1,S
2,101,6,B
3,101,1,B
4,100,1,S
5,101,6,B
6,100,6,S
7,101,8,B
8,101,2,B
9,100,9,S
10,100,8,S
11,101,5,B
12,101,10,B
13,100,9,S
14,100,9,S
15,100,4,S
16,100,3,S
17,100,2,S
18,100,1,S
19,101,4,B
20,101,8,B
21,101,1,B
22,101,4,B
23,100,4,S
24,100,4,S
25,100,4,S
26,100,2,S
27,101,3,B
28,101,4,B
29,100,2,S
30,100,7,S
31,100,3,S
32,100,4,S
33,100,3,S
34,100,3,B
35,99,5,S
36,99,1,S
37,99,6,S
38,99,1,S
39,99,2,S
40,99,2,S
41,100,1,B
42,100,4,B
43,100,6,B
44,99,1,S
45,99,4,S
46,99,4,S
47,100,3,B
48,99,4,S
49,99,6,S
50,100,2,S
51,99,1,S
52,101,3,B
53,101,7,B
54,100,4,B
55,99,4,S
56,99,3,S
57,99,2,S
58,99,3,S
59,99,6,S
60,98,2,S
61,99,3,B
62,99,2,B
63,100,5,B
64,101,5,B
65,101,5,B
66,101,4,B
67,101,1,B
68,99,6,S
69,98,9,S
70,98,1,S
71,98,1,S
72,99,3,B
73,100,3,S
74,100,2,S
75,98,1,S
76,99,3,B
77,100,4,S
78,101,8,B
79,101,1,B
80,101,3,B
81,101,4,B
82,101,1,B
83,101,8,B
84,101,1,B
85,101,3,B
86,102,6,B
87,102,3,B
88,102,1,B
89,102,5,B
90,102,5,B
91,100,1,S
92,100,2,S
93,100,2,S
94,99,1,S
95,101,4,B
96,102,3,B
97,99,1,S
98,99,1,S
99,99,6,S
100,98,2,S
101,98,1,S
102,98,1,S
103,99,3,B
104,100,1,B
105,99,6,S
106,100,3,B
107,100,1,B
108,99,2,S
109,99,1,S
110,99,1,B
111,99,2,B
112,98,3,S
113,98,1,S
114,98,7,S
115,99,1,B
116,98,2,S
117,98,2,S
118,99,2,B
119,99,1,B
120,100,2,B
121,98,3,S
122,99,3,S
123,98,3,S
124,100,2,B
125,100,2,S
126,99,7,S
127,101,2,B
128,99,2,S
129,99,8,S
130,100,3,B
131,100,5,B
132,101,2,B
133,101,5,B
134,100,3,S
135,100,4,S
136,101,3,B
137,101,5,B
138,100,6,S
139,100,1,S
140,99,2,S
141,99,1,S
142,100,4,B
143,100,5,S
144,99,1,S
145,101,1,B
146,101,2,B
147,101,4,B
148,101,4,B
149,100,7,S
150,99,1,S
151,100,2,B
152,99,4,S
153,99,1,S
154,100,1,B
155,101,4,B
156,101,5,B
157,101,4,B
158,101,2,B
159,101,6,B
160,100,5,S
161,101,2,B
162,101,2,B
163,101,3,B
164,100,4,S
165,101,4,B
166,101,3,B
167,100,5,S
168,100,3,S
169,99,3,S
170,100,1,B
171,99,2,S
172,99,4,S
173,99,1,S
174,99,2,S
175,99,2,S
176,100,1,B
177,100,7,B
178,101,1,B
179,101,2,B
180,99,7,S
181,99,2,S
182,101,1,B
183,101,2,B
184,101,4,B
185,101,6,S
186,100,3,S
187,99,1,S
188,102,2,B
189,102,3,B
190,102,3,B
191,102,1,B
192,100,3,S
193,99,3,S
194,102,2,B
195,102,5,B
196,101,7,S
197,102,3,B
198,102,1,B
199,102,1,B
200,102,4,B
201,102,1,B
202,101,2,S
203,101,3,S
204,101,5,S
205,100,4,S
206,102,8,B
207,102,2,B
208,102,1,B
209,101,7,S
210,100,1,S
211,100,2,S
212,101,5,S
213,101,1,S
214,100,2,S
215,100,1,S
216,100,2,S
217,99,2,S
218,100,2,S
219,99,3,S
220,99,1,S
221,99,9,S
222,101,3,B
223,102,3,B
224,102,2,B
225,99,1,S
226,99,1,S
227,102,4,B
228,102,3,B
229,102,6,S
230,100,8,S
231,100,1,S
232,100,3,B
233,100,6,B
234,101,3,B
235,101,4,B
236,100,1,S
237,99,5,S
238,99,4,S
239,100,1,B
240,99,5,S
241,99,3,S
242,99,6,S
243,99,1,S
244,99,8,S
245,99,1,S
246,99,1,S
247,98,1,S
248,98,1,S
249,100,3,B
250,101,1,B
251,101,4,B
252,101,4,B
253,101,1,B
254,101,3,B
255,100,8,S
256,99,3,S
257,101,4,B
258,100,4,S
259,101,1,B
260,101,6,B
261,100,2,S
262,100,1,S
263,100,4,S
264,99,2,S
265,99,1,S
266,101,2,B
267,99,1,S
268,100,1,B
269,99,1,S
270,99,1,S
271,99,8,S
272,98,1,S
273,100,8,B
274,98,1,S
275,98,1,S
276,98,4,S
277,98,1,S
278,98,3,S
279,98,1,S
280,98,3,S
281,98,6,S
282,98,3,S
283,98,2,S
284,98,3,S
285,98,7,S
286,98,3,S
287,99,2,B
288,98,6,S
289,98,2,S
290,98,4,S
291,99,2,B
292,99,5,B
293,99,2,B
294,98,3,S
295,98,7,S
296,98,2,S
297,98,6,S
298,98,1,S
299,98,1,S
300,98,3,S
301,98,4,S
302,99,3,B
303,99,1,B
304,98,3,S
305,98,2,S
306,99,5,B
307,100,1,B
308,100,2,B
309,100,8,B
310,100,2,B
311,98,2,S
312,98,2,S
313,98,5,S
314,98,4,S
315,98,1,S
316,100,3,B
317,100,2,B
318,100,5,B
319,98,1,S
320,98,1,S
321,98,1,S
322,98,3,S
323,98,1,S
324,98,1,S
325,98,2,S
326,98,7,S
327,98,1,S
328,98,1,S
329,99,5,B
330,98,2,S
331,98,3,S
332,98,5,S
333,98,3,S
334,98,2,S
335,99,2,B
336,99,6,B
337,98,5,S
338,98,4,S
339,97,1,S
340,98,4,B
341,98,3,S
342,97,4,S
343,97,1,S
344,97,1,S
345,98,3,S
346,99,2,B
347,99,1,B
348,99,3,B
349,98,4,S
350,98,4,S
351,99,3,B
352,99,2,B
353,100,4,B
354,100,6,B
355,100,1,B
356,100,3,B
357,99,2,S
358,99,4,S
359,99,2,B
360,99,5,S
361,100,3,B
362,100,2,B
363,99,3,S
364,99,6,S
365,100,2,B
366,100,4,B
367,99,4,S
368,98,5,S
369,98,5,S
370,100,1,B
371,100,5,B
372,100,3,B
373,100,1,B
374,100,1,B
375,100,5,B
376,99,3,S
377,98,3,S
378,98,3,S
379,100,3,B
380,100,1,B
381,100,3,B
382,100,1,B
383,100,2,B
384,98,4,S
385,98,5,S
386,98,1,S
387,100,3,B
388,100,2,B
389,100,7,B
390,99,5,S
391,99,2,B
392,100,1,B
393,100,3,B
394,100,2,B
395,100,2,B
396,100,6,B
397,98,2,S
398,98,1,S
399,97,5,S
400,97,2,S
401,97,7,S
402,98,3,B
403,100,1,B
404,101,1,B
405,101,5,B
406,101,2,B
407,100,4,S
408,101,5,B
409,100,5,S
410,99,2,S
411,99,3,S
412,99,7,S
413,99,3,S
414,97,3,S
415,97,1,S
416,97,3,S
417,97,3,S
418,97,3,S
419,97,2,S
420,99,6,B
421,99,4,S
422,99,6,B
423,99,1,S
424,97,3,S
425,97,1,S
426,97,4,S
427,99,3,S
428,98,4,B
429,98,4,S
430,98,2,S
431,97,3,S
432,97,2,S
433,100,4,B
434,100,3,B
435,99,1,S
436,99,1,S
437,97,2,S
438,97,3,S
439,97,2,S
440,97,3,S
441,97,1,S
442,97,2,S
443,97,1,S
444,97,1,S
445,97,1,S
446,97,1,S
447,97,5,S
448,97,1,S
449,97,6,S
450,97,2,S
451,97,4,S
452,97,3,S
453,97,4,S
454,97,6,S
455,97,2,S
456,97,1,S
457,97,1,S
458,97,6,S
459,97,3,S
460,98,5,B
461,98,5,B
462,97,7,S
463,97,1,S
464,98,3,B
465,97,1,S
466,99,2,B
467,99,1,B
468,99,2,B
469,98,1,S
470,99,3,B
471,100,7,B
472,100,3,B
473,100,6,B
474,100,1,B
475,101,4,B
476,99,5,S
477,99,4,S
478,98,5,S
479,99,1,B
480,98,1,S
481,99,5,B
482,99,5,B
483,98,3,S
484,98,1,S
485,97,1,S
486,99,5,B
487,99,5,B
488,99,4,B
489,99,6,S
490,98,2,S
491,98,2,S
492,98,4,S
493,97,2,S
494,97,3,S
495,100,3,B
496,100,4,B
497,100,4,B
498,100,5,B
499,100,2,B
500,100,6,B
501,100,1,S
502,100,1,S
503,98,1,S
504,97,2,S
505,99,3,B
506,99,1,B
507,98,8,S
508,99,1,B
509,99,6,B
510,98,6,S
511,98,1,S
512,97,1,S
513,97,1,S
514,99,4,B
515,100,5,B
516,100,1,B
517,97,3,S
518,97,1,S
519,97,2,S
520,99,9,S
521,100,2,B
522,100,3,B
523,99,1,S
524,98,3,S
525,99,1,B
526,100,3,B
527,100,3,B
528,100,1,B
529,100,1,S
530,99,3,S
531,101,2,B
532,101,1,B
533,99,7,S
534,99,2,S
535,99,4,S
536,99,2,S
537,99,2,S
538,99,1,S
539,99,1,S
540,99,8,S
541,100,3,B
542,101,2,B
543,100,2,S
544,99,1,S
545,99,2,S
546,99,5,S
547,100,1,B
548,100,1,B
549,101,3,B
550,99,1,S
551,101,1,B
552,101,1,B
553,101,4,B
554,101,5,B
555,101,2,B
556,100,8,S
557,100,2,S
558,101,1,B
559,101,2,B
560,99,3,S
561,98,1,S
562,99,5,B
563,100,2,S
564,99,2,B
565,98,2,S
566,98,3,S
567,97,2,S
568,98,7,S
569,98,2,S
570,97,3,S
571,97,2,S
572,98,5,S
573,97,5,S
574,97,3,S
575,97,1,S
576,98,1,B
577,98,1,B
578,98,1,B
579,98,4,S
580,98,1,S
581,97,1,S
582,97,5,S
583,97,3,S
584,97,6,S
585,98,3,B
586,99,1,B
587,98,5,S
588,98,1,S
589,98,5,S
590,98,2,S
591,98,7,S
592,97,2,S
593,99,4,B
594,99,3,B
595,98,4,B
596,98,2,B
597,99,4,B
598,99,3,B
599,99,1,B
600,99,1,B
601,99,2,S
602,100,2,B
603,99,3,S
604,99,1,S
605,99,4,S
606,99,1,B
607,100,3,B
608,100,6,B
609,99,3,S
610,98,2,S
611,98,5,S
612,99,2,B
613,98,1,S
614,98,7,S
615,97,2,S
616,97,5,S
617,99,2,B
618,99,5,B
619,99,1,B
620,100,2,B
621,100,4,B
622,100,4,B
623,99,3,S
624,99,4,S
625,99,6,S
626,100,6,B
627,100,2,B
628,99,2,S
629,99,8,S
630,100,4,B
631,99,2,S
632,99,6,S
633,98,1,S
634,98,4,S
635,98,4,S
636,98,5,S
637,99,2,B
638,99,1,S
639,98,1,S
640,100,2,B
641,100,1,B
642,100,2,B
643,100,3,S
644,99,4,S
645,101,3,B
646,100,4,S
647,101,1,B
648,101,3,B
649,101,4,B
650,100,3,S
651,99,4,S
652,99,1,S
653,99,2,S
654,100,1,B
655,100,3,S
656,100,1,S
657,100,1,S
658,99,5,S
659,99,3,B
660,99,3,B
661,100,2,S
662,98,1,S
663,98,5,S
664,97,3,S
665,97,1,S
666,99,8,B
667,97,9,S
668,97,2,S
669,97,3,S
670,97,1,S
671,97,3,S
672,97,3,S
673,97,3,S
674,97,1,S
675,97,5,S
676,101,1,B
677,101,1,B
678,100,3,S
679,100,2,S
680,100,1,S
681,101,4,B
682,101,2,B
683,101,3,B
684,101,4,B
685,101,1,B
686,101,4,B
687,101,3,B
688,101,2,B
689,101,1,B
690,100,7,S
691,101,4,B
692,101,4,B
693,101,1,B
694,101,6,B
695,101,2,B
696,101,1,B
697,101,5,B
698,101,3,B
699,100,2,S
700,100,4,S
701,100,6,S
702,100,2,S
703,100,4,S
704,100,5,S
705,101,4,B
706,101,6,B
707,101,1,B
708,101,6,B
709,101,1,B
710,100,8,S
711,101,3,B
712,100,2,S
713,100,4,S
714,100,1,S
715,101,2,B
716,100,4,S
717,100,5,S
718,100,2,S
719,99,4,S
720,100,1,B
721,101,3,B
722,101,2,B
723,100,5,S
724,99,1,S
725,99,1,S
726,99,2,S
727,100,2,B
728,99,4,S
729,99,6,S
730,100,1,B
731,99,4,S
732,99,6,S
733,100,3,B
734,101,3,B
735,99,1,S
736,99,3,S
737,99,2,B
738,98,1,S
739,98,8,S
740,98,1,S
741,98,7,S
742,99,2,B
743,98,3,S
744,98,7,S
745,98,2,S
746,98,6,S
747,99,2,B
748,99,3,S
749,98,3,S
750,98,2,S
751,98,2,S
752,98,2,S
753,98,1,S
754,98,7,S
755,98,1,S
756,98,4,S
757,100,2,B
758,100,2,B
759,100,7,B
760,100,2,B
761,99,2,S
762,99,2,S
763,99,1,S
764,100,2,B
765,100,1,B
766,100,3,B
767,100,4,S
768,99,5,S
769,99,4,S
770,98,3,S
771,98,1,S
772,99,2,B
773,99,2,S
774,98,1,S
775,98,4,S
776,101,1,B
777,101,2,B
778,98,1,S
779,98,7,S
780,98,2,S
781,98,4,S
782,99,2,B
783,98,4,S
784,98,5,S
785,98,1,S
786,99,2,B
787,98,4,S
788,98,2,S
789,98,2,S
790,99,2,B
791,100,1,B
792,100,4,B
793,100,4,B
794,98,1,S
795,97,3,S
796,97,2,S
797,97,3,S
798,97,1,S
799,97,2,S
800,97,5,S
801,97,1,S
802,98,2,S
803,98,3,S
804,97,7,S
805,97,1,S
806,98,4,B
807,100,2,B
808,101,5,B
809,100,1,B
810,100,8,B
811,100,2,B
812,100,6,B
813,101,2,B
814,101,1,B
815,101,2,B
816,101,2,B
817,100,2,S
818,99,4,S
819,99,1,S
820,99,1,S
821,99,1,S
822,100,5,B
823,99,2,S
824,99,5,S
825,99,2,S
826,100,3,B
827,100,6,B
828,100,2,B
829,101,5,B
830,100,4,S
831,100,4,S
832,100,1,S
833,101,3,B
834,100,2,S
835,100,2,S
836,100,1,S
837,99,1,S
838,100,3,B
839,101,1,B
840,99,1,S
841,101,1,B
842,101,6,B
843,101,2,B
844,101,2,B
845,101,3,B
846,101,3,B
847,100,4,S
848,100,1,S
849,99,4,S
850,99,1,S
851,99,1,S
852,99,3,S
853,101,3,B
854,101,1,B
855,101,4,B
856,99,1,S
857,101,5,B
858,101,2,B
859,101,5,B
860,99,5,S
861,99,4,S
862,100,1,B
863,100,1,B
864,99,1,S
865,99,7,S
866,99,1,S
867,99,2,S
868,98,1,S
869,100,6,B
870,100,1,B
871,100,6,B
872,100,3,B
873,98,3,S
874,98,6,S
875,99,4,S
876,98,2,S
877,98,6,S
878,98,2,S
879,98,1,S
880,98,2,S
881,98,3,S
882,98,1,S
883,98,6,S
884,97,1,S
885,99,4,B
886,99,3,B
887,97,2,S
888,97,2,S
889,97,1,S
890,97,6,S
891,97,2,S
892,98,5,B
893,98,2,B
894,99,5,B
895,99,4,S
896,99,1,S
897,98,1,S
898,100,2,B
899,100,1,B
900,100,6,B
901,100,4,B
902,98,5,S
903,98,1,S
904,98,2,S
905,98,1,S
906,100,5,B
907,100,5,B
908,100,3,B
909,101,2,B
910,101,3,B
911,101,1,B
912,99,8,S
913,98,5,S
914,100,8,B
915,100,2,B
916,98,3,S
917,98,4,B
918,100,3,B
919,100,1,B
920,99,4,B
921,98,6,S
922,98,4,S
923,98,3,S
924,99,5,B
925,99,1,B
926,97,5,S
927,99,9,B
928,98,1,B
929,99,4,B
930,98,6,S
931,97,3,S
932,97,1,S
933,99,2,B
934,99,2,B
935,99,2,B
936,99,5,B
937,99,3,B
938,100,6,B
939,99,3,B
940,100,3,B
941,98,5,S
942,98,5,S
943,98,2,S
944,99,2,B
945,99,1,B
946,99,2,B
947,98,2,S
948,97,5,S
949,99,3,B
950,99,2,B
951,97,3,S
952,97,1,S
953,99,6,B
954,100,1,B
955,99,2,S
956,98,3,S
957,98,2,S
958,98,1,B
959,98,3,B
960,100,1,B
961,98,1,S
962,98,4,S
963,98,4,S
964,97,3,S
965,99,3,B
966,100,3,B
967,100,1,B
968,100,1,B
969,100,3,B
970,100,3,B
971,100,1,B
972,100,7,B
973,100,1,B
974,98,7,S
975,97,5,S
976,97,4,S
977,97,3,S
978,97,5,S
979,97,2,S
980,100,2,B
981,99,1,S
982,97,2,S
983,98,1,B
984,97,8,S
985,97,2,S
986,98,4,B
987,98,2,S
988,97,1,S
989,99,8,B
990,98,2,B
991,97,1,S
992,97,3,S
993,97,4,S
994,97,2,S
995,97,7,S
996,97,4,S
997,97,5,S
998,97,2,S
999,97,5,S
1000,97,1,S
1001,97,2,S
1002,98,1,B
1003,98,7,B
1004,98,2,B
1005,98,6,B
1006,99,2,B
1007,99,3,B
1008,100,3,B
1009,101,4,B
1010,101,3,B
1011,100,2,S
1012,101,5,B
1013,101,2,B
1014,101,7,B
1015,101,2,B
1016,101,5,B
1017,100,2,S
1018,100,4,S
1019,100,2,S
1020,99,1,S
1021,99,1,S
1022,99,3,S
1023,98,3,S
1024,99,6,B
1025,100,3,S
1026,99,1,S
1027,98,1,S
1028,98,4,S
1029,98,1,S
1030,98,5,S
1031,98,2,S
1032,98,8,S
1033,98,1,S
1034,97,1,S
1035,97,2,S
1036,97,3,S
1037,97,3,S
1038,97,3,S
1039,97,1,S
1040,97,6,S
1041,97,4,S
1042,97,1,S
1043,97,1,S
1044,97,3,S
1045,97,4,S
1046,97,2,S
1047,98,1,B
1048,97,4,S
1049,97,3,S
1050,98,1,B
1051,98,1,B
1052,98,4,B
1053,98,3,B
1054,98,3,B
1055,97,4,S
1056,97,1,S
1057,97,2,S
1058,97,4,S
1059,97,3,S
1060,98,2,B
1061,98,2,B
1062,99,8,B
1063,98,5,S
1064,97,1,S
1065,97,2,S
1066,97,5,S
1067,97,2,S
1068,97,1,S
1069,97,6,S
1070,97,3,S
1071,97,3,S
1072,97,4,S
1073,97,1,S
1074,97,5,S
1075,97,3,S
1076,97,1,S
1077,96,10,S
1078,96,1,S
1079,97,3,B
1080,97,5,S
1081,97,2,S
1082,97,6,S
1083,97,2,S
1084,96,1,S
1085,96,5,S
1086,96,1,S
1087,97,4,B
1088,96,6,S
1089,96,3,S
1090,96,2,S
1091,96,1,S
1092,97,2,B
1093,98,1,B
1094,98,4,S
1095,98,1,S
1096,98,7,S
1097,99,2,B
1098,99,2,B
1099,99,3,B
1100,99,4,B
1101,98,1,S
1102,97,6,S
1103,96,3,S
1104,98,8,B
1105,98,1,B
1106,98,4,B
1107,96,1,S
1108,96,5,S
1109,96,2,S
1110,96,1,S
1111,96,6,S
1112,96,1,S
1113,96,2,S
1114,96,7,S
1115,96,3,S
1116,97,5,B
1117,97,5,B
1118,97,4,B
1119,98,7,B
1120,97,3,S
1121,97,3,S
1122,98,1,B
1123,98,3,S
1124,98,2,S
1125,98,1,S
1126,97,2,S
1127,99,4,B
1128,99,1,B
1129,99,2,B
1130,99,1,B
1131,98,3,S
1132,98,5,S
1133,98,1,S
1134,98,1,S
1135,98,6,S
1136,99,3,B
1137,99,6,B
1138,98,3,S
1139,99,1,B
1140,99,4,S
1141,99,2,S
1142,98,6,S
1143,98,2,B
1144,99,1,B
1145,99,7,S
1146,98,3,S
1147,100,8,B
1148,100,2,B
1149,99,10,S
1150,100,1,B
1151,100,2,B
1152,100,3,B
1153,100,6,B
1154,100,2,B
1155,101,3,B
1156,98,5,S
1157,98,5,S
1158,100,7,S
1159,100,2,S
1160,100,5,S
1161,98,6,S
1162,99,8,S
1163,100,1,B
1164,100,2,B
1165,99,2,S
1166,99,1,S
1167,98,3,S
1168,98,2,S
1169,98,2,S
1170,98,3,S
1171,100,6,B
1172,100,1,B
1173,98,6,S
1174,98,4,S
1175,98,2,S
1176,98,5,S
1177,100,4,B
1178,100,3,B
1179,99,5,S
1180,98,2,S
1181,98,3,S
1182,98,4,S
1183,98,2,S
1184,98,1,S
1185,98,1,S
1186,97,1,S
1187,97,3,S
1188,97,2,S
1189,97,5,S
1190,99,4,B
1191,99,2,B
1192,98,2,S
1193,97,3,S
1194,98,8,B
1195,97,2,S
1196,98,1,B
1197,97,2,S
1198,97,7,S
1199,98,2,B
1200,97,2,S
1201,97,1,S
1202,97,4,S
1203,98,3,B
1204,99,2,B
1205,97,1,S
1206,96,2,S
1207,96,4,S
1208,96,4,S
1209,96,2,S
1210,96,4,S
1211,96,5,S
1212,96,1,S
1213,96,2,S
1214,96,2,S
1215,96,6,S
1216,96,2,S
1217,96,3,S
1218,96,3,S
1219,96,1,S
1220,96,9,S
1221,96,4,S
1222,96,4,S
1223,97,3,B
1224,98,3,B
1225,96,1,S
1226,97,4,S
1227,98,1,B
1228,97,1,S
1229,97,4,S
1230,97,1,S
1231,96,3,S
1232,96,6,S
1233,97,2,S
1234,96,8,S
1235,98,7,B
1236,98,1,B
1237,98,1,B
1238,98,7,B
1239,98,1,B
1240,96,2,S
1241,96,1,S
1242,98,6,B
1243,98,1,B
1244,98,1,B
1245,96,7,S
1246,97,1,B
1247,97,4,B
1248,97,1,B
1249,98,1,B
1250,98,4,B
1251,98,4,B
1252,98,1,B
1253,98,1,B
1254,98,6,B
1255,96,4,S
1256,98,1,B
1257,98,1,B
1258,99,1,B
1259,99,4,B
1260,99,4,B
1261,99,2,B
1262,98,2,S
1263,98,5,S
1264,96,3,S
1265,96,1,S
1266,96,1,S
1267,96,2,S
1268,96,2,S
1269,96,3,S
1270,96,2,S
1271,96,5,S
1272,97,5,B
1273,99,6,B
1274,99,2,B
1275,99,1,B
1276,99,4,B
1277,99,1,B
1278,99,1,B
1279,98,6,S
1280,98,2,S
1281,98,2,S
1282,97,1,S
1283,96,1,S
1284,96,1,S
1285,96,3,S
1286,96,1,S
1287,96,3,S
1288,96,6,S
1289,96,3,S
1290,97,3,B
1291,97,3,B
1292,96,1,S
1293,96,3,S
1294,96,1,S
1295,96,3,S
1296,96,5,S
1297,96,1,S
1298,96,4,S
1299,97,1,B
1300,97,4,B
1301,97,4,S
1302,96,4,S
1303,96,3,S
1304,96,2,S
1305,97,5,B
1306,97,1,S
1307,97,4,S
1308,96,1,S
1309,97,4,S
1310,97,3,S
1311,97,6,B
1312,98,3,B
1313,96,2,S
1314,98,4,B
1315,97,7,B
1316,96,2,S
1317,96,5,S
1318,96,2,S
1319,96,1,S
1320,96,4,S
1321,96,2,S
1322,96,3,S
1323,96,2,S
1324,95,2,S
1325,95,5,S
1326,95,1,S
1327,96,4,B
1328,96,1,B
1329,96,2,B
1330,95,1,S
1331,95,8,S
1332,96,1,B
1333,95,1,S
1334,95,2,S
1335,96,1,B
1336,96,2,B
1337,97,3,B
1338,97,3,B
1339,96,2,B
1340,97,1,B
1341,97,1,S
1342,97,3,B
1343,98,2,B
1344,98,1,B
1345,96,2,S
1346,96,3,B
1347,97,2,B
1348,95,2,S
1349,95,3,S
1350,95,4,S
1351,95,5,S
1352,95,2,S
1353,95,3,S
1354,95,1,S
1355,96,5,B
1356,95,2,S
1357,95,5,S
1358,95,2,S
1359,96,5,B
1360,96,5,B
1361,96,2,B
1362,95,2,S
1363,95,5,S
1364,95,2,S
1365,95,5,S
1366,96,4,B
1367,95,4,S
1368,95,3,S
1369,95,3,S
1370,95,1,S
1371,95,1,S
1372,96,2,B
1373,95,2,S
1374,95,3,S
1375,96,1,B
1376,96,1,B
1377,96,2,B
1378,95,3,S
1379,95,3,S
1380,95,1,S
1381,95,4,S
1382,96,5,B
1383,96,4,B
1384,96,1,B
1385,96,5,B
1386,96,6,B
1387,96,2,S
1388,95,3,S
1389,95,1,S
1390,95,6,S
1391,95,2,S
1392,95,4,S
1393,96,3,B
1394,96,5,B
1395,97,6,B
1396,97,3,B
1397,96,2,S
1398,95,1,S
1399,95,3,S
1400,95,7,S
1401,96,3,S
1402,95,1,S
1403,95,6,S
1404,95,2,S
1405,95,2,S
1406,97,3,B
1407,95,5,S
1408,96,2,B
1409,96,2,B
1410,97,6,B
1411,97,2,B
1412,97,8,B
1413,96,8,S
1414,96,2,S
1415,97,1,B
1416,96,7,S
1417,95,1,S
1418,95,5,S
1419,95,1,S
1420,95,8,S
1421,95,2,S
1422,95,2,S
1423,95,4,S
1424,95,2,S
1425,96,1,B
1426,95,2,S
1427,96,1,B
1428,97,6,B
1429,95,4,S
1430,95,4,S
1431,97,2,B
1432,97,2,B
1433,98,3,B
1434,98,3,B
1435,98,1,B
1436,98,7,B
1437,98,2,B
1438,98,2,B
1439,97,2,S
1440,96,4,B
1441,96,2,B
1442,95,1,S
1443,95,4,S
1444,96,1,B
1445,96,2,B
1446,97,7,B
1447,95,2,S
1448,95,3,S
1449,97,1,B
1450,97,3,B
1451,96,1,S
1452,96,2,S
1453,96,3,S
1454,96,7,S
1455,96,1,S
1456,97,1,B
1457,96,8,S
1458,96,1,S
1459,95,4,S
1460,95,1,S
1461,95,3,S
1462,95,1,S
1463,95,5,S
1464,96,1,B
1465,97,4,B
1466,97,1,B
1467,95,1,S
1468,97,6,B
1469,95,3,S
1470,96,1,S
1471,98,3,B
1472,98,2,B
1473,98,1,B
1474,97,4,S
1475,98,2,B
1476,97,1,S
1477,98,1,B
1478,97,4,S
1479,96,3,S
1480,98,7,B
1481,98,1,B
1482,98,2,B
1483,97,3,B
1484,96,1,S
1485,96,5,S
1486,95,4,S
1487,95,4,S
1488,95,2,S
1489,95,5,S
1490,95,1,S
1491,95,2,S
1492,95,2,S
1493,96,1,B
1494,97,3,B
1495,97,1,S
1496,97,4,B
1497,96,5,S
1498,96,3,B
1499,96,5,S
1500,95,1,S
1501,97,2,B
1502,97,1,B
1503,96,3,B
1504,95,4,S
1505,95,2,S
1506,96,4,B
1507,95,3,S
1508,95,3,S
1509,95,4,S
1510,95,4,S
1511,95,3,S
1512,96,1,B
1513,96,6,B
1514,95,2,S
1515,95,6,S
1516,95,2,S
1517,94,3,S
1518,94,3,S
1519,94,3,S
1520,94,1,S
1521,94,2,S
1522,94,5,S
1523,94,2,S
1524,94,4,S
1525,94,2,S
1526,94,7,S
1527,94,3,S
1528,94,2,S
1529,94,5,S
1530,94,3,S
1531,94,2,S
1532,94,5,S
1533,94,2,S
1534,94,3,S
1535,95,2,B
1536,95,2,B
1537,96,2,B
1538,96,2,B
1539,96,4,B
1540,94,4,S
1541,94,2,S
1542,94,1,S
1543,94,3,S
1544,96,3,B
1545,96,6,B
1546,97,2,B
1547,97,4,B
1548,97,3,B
1549,97,5,B
1550,96,2,S
1551,96,1,S
1552,97,5,B
1553,97,3,B
1554,96,3,S
1555,96,3,S
1556,96,1,S
1557,96,2,S
1558,96,2,S
1559,97,2,B
1560,97,6,B
1561,97,2,B
1562,96,2,S
1563,97,6,B
1564,97,1,B
1565,96,5,S
1566,96,4,S
1567,96,3,S
1568,96,3,S
1569,95,6,S
1570,96,3,S
1571,96,3,S
1572,96,1,S
1573,95,3,S
1574,95,2,S
1575,95,2,S
1576,97,3,B
1577,97,1,B
1578,97,3,B
1579,97,6,B
1580,97,3,B
1581,96,2,S
1582,96,2,S
1583,96,2,S
1584,95,4,S
1585,95,2,S
1586,95,3,S
1587,95,4,S
1588,94,1,S
1589,94,1,S
1590,94,1,S
1591,94,1,S
1592,94,6,S
1593,94,1,S
1594,94,6,S
1595,94,1,S
1596,94,3,S
1597,94,3,S
1598,94,2,S
1599,94,2,S
1600,94,1,S
1601,94,8,S
1602,94,1,S
1603,94,5,S
1604,95,5,B
1605,96,4,B
1606,94,1,S
1607,94,5,S
1608,94,1,S
1609,94,2,S
1610,94,1,S
1611,96,3,B
1612,96,2,S
1613,94,1,S
1614,94,5,S
1615,94,5,S
1616,94,3,S
1617,94,4,S
1618,95,2,B
1619,95,3,B
1620,95,2,B
1621,94,2,S
1622,94,1,S
1623,94,1,S
1624,94,3,S
1625,94,3,S
1626,94,4,S
1627,94,1,S
1628,95,4,B
1629,95,6,B
1630,94,3,S
1631,94,4,S
1632,94,5,S
1633,95,2,B
1634,95,3,B
1635,95,6,B
1636,95,2,B
1637,95,1,B
1638,96,1,B
1639,93,2,S
1640,93,2,S
1641,93,2,S
1642,93,3,S
1643,93,5,S
1644,93,4,S
1645,95,2,B
1646,95,1,B
1647,93,4,S
1648,93,2,S
1649,95,1,B
1650,95,4,B
1651,96,3,B
1652,96,2,B
1653,95,6,B
1654,95,2,B
1655,95,3,B
1656,96,2,B
1657,94,6,S
1658,94,1,S
1659,96,1,B
1660,96,3,B
1661,94,1,S
1662,94,2,S
1663,94,5,S
1664,94,1,S
1665,96,3,B
1666,96,3,B
1667,96,1,B
1668,94,1,S
1669,94,2,S
1670,93,1,S
1671,96,6,B
1672,96,3,B
1673,96,1,B
1674,95,5,S
1675,94,1,S
1676,94,6,S
1677,94,4,S
1678,93,4,S
1679,94,6,S
1680,95,1,B
1681,95,4,B
1682,95,5,B
1683,95,3,B
1684,96,4,B
1685,94,3,S
1686,94,4,S
1687,94,3,S
1688,96,4,B
1689,94,2,S
1690,94,6,B
1691,93,3,S
1692,94,1,B
1693,95,3,B
1694,95,2,B
1695,93,2,S
1696,93,3,S
1697,93,2,S
1698,93,4,S
1699,93,2,S
1700,94,9,B
1701,94,8,B
1702,94,2,B
1703,95,4,B
1704,94,5,S
1705,95,4,B
1706,94,1,S
1707,94,6,S
1708,94,1,S
1709,94,2,S
1710,94,6,S
1711,95,6,B
1712,95,4,B
1713,96,1,B
1714,96,6,B
1715,96,2,B
1716,95,2,S
1717,94,2,S
1718,94,4,S
1719,96,4,B
1720,96,3,B
1721,96,4,B
1722,96,1,B
1723,96,2,B
1724,96,5,B
1725,96,1,B
1726,96,1,B
1727,96,7,B
1728,96,1,B
1729,94,6,S
1730,94,7,B
1731,93,1,S
1732,94,1,B
1733,95,4,B
1734,95,2,B
1735,95,2,B
1736,95,5,B
1737,95,3,B
1738,95,1,S
1739,94,2,S
1740,96,1,B
1741,94,2,S
1742,94,7,S
1743,95,6,B
1744,94,1,S
1745,94,2,S
1746,93,1,S
1747,95,3,B
1748,95,5,B
1749,93,3,S
1750,95,6,B
1751,93,1,S
1752,93,6,S
1753,94,8,B
1754,94,2,B
1755,94,1,S
1756,93,6,S
1757,94,6,B
1758,95,1,B
1759,95,6,B
1760,96,1,B
1761,95,3,B
1762,96,5,B
1763,96,5,B
1764,94,1,S
1765,94,3,S
1766,94,2,S
1767,94,5,S
1768,95,6,B
1769,95,1,B
1770,95,1,B
1771,95,5,B
1772,96,4,B
1773,96,5,B
1774,95,2,S
1775,95,5,S
1776,95,1,S
1777,94,1,S
1778,93,3,S
1779,93,3,S
1780,93,4,S
1781,94,8,B
1782,94,2,S
1783,93,3,S
1784,93,2,S
1785,93,4,S
1786,93,4,S
1787,93,4,S
1788,94,3,B
1789,94,1,B
1790,95,4,B
1791,93,3,S
1792,93,5,S
1793,95,5,B
1794,95,4,S
1795,93,2,S
1796,93,7,S
1797,93,2,S
1798,93,3,S
1799,93,3,S
1800,94,5,B
1801,95,2,B
1802,96,1,B
1803,94,2,S
1804,93,5,S
1805,93,1,S
1806,93,2,S
1807,93,2,S
1808,94,4,B
1809,94,2,B
1810,94,3,B
1811,93,5,S
1812,94,4,B
1813,95,3,S
1814,94,2,S
1815,96,7,B
1816,96,1,B
1817,94,2,S
1818,93,3,S
1819,93,3,S
1820,93,1,S
1821,96,3,B
1822,96,4,B
1823,93,5,S
1824,94,9,B
1825,95,1,B
1826,93,2,S
1827,93,6,S
1828,94,2,B
1829,95,8,B
1830,93,3,S
1831,93,1,S
1832,93,3,S
1833,94,1,B
1834,95,3,B
1835,94,6,S
1836,95,7,B
1837,95,1,B
1838,94,5,B
1839,95,4,B
1840,95,2,B
1841,95,3,B
1842,93,5,S
1843,93,2,S
1844,94,5,B
1845,93,2,S
1846,93,1,S
1847,94,5,B
1848,95,2,B
1849,95,4,B
1850,94,2,B
1851,94,5,B
1852,93,3,S
1853,93,1,S
1854,93,1,S
1855,93,3,S
1856,93,2,S
1857,93,2,S
1858,93,3,S
1859,93,6,S
1860,93,2,S
1861,94,1,B
1862,94,6,B
1863,93,2,S
1864,93,2,S
1865,93,4,S
1866,94,4,B
1867,94,2,B
1868,93,1,S
1869,93,5,S
1870,93,4,S
1871,93,1,S
1872,93,4,S
1873,94,5,B
1874,93,2,S
1875,93,3,S
1876,93,1,S
1877,94,1,B
1878,94,2,B
1879,95,6,B
1880,93,1,S
1881,93,4,S
1882,95,2,B
1883,95,4,B
1884,93,1,S
1885,94,8,S
1886,94,1,S
1887,94,2,S
1888,95,2,B
1889,95,5,B
1890,94,2,S
1891,94,3,S
1892,95,6,B
1893,95,3,B
1894,94,6,S
1895,94,1,S
1896,94,8,B
1897,94,3,B
1898,94,6,B
1899,93,10,S
1900,93,2,S
1901,93,1,S
1902,93,4,S
1903,93,4,S
1904,94,2,B
1905,94,5,B
1906,94,2,B
1907,93,6,S
1908,93,2,S
1909,94,8,B
1910,93,6,S
1911,93,1,S
1912,93,3,S
1913,93,3,S
1914,93,5,S
1915,94,6,B
1916,94,4,B
1917,93,3,S
1918,93,1,S
1919,93,1,S
1920,93,3,S
1921,93,1,S
1922,93,8,S
1923,94,1,B
1924,94,3,B
1925,93,2,S
1926,93,4,S
1927,94,5,B
1928,95,2,B
1929,95,1,B
1930,93,3,S
1931,93,1,S
1932,93,4,S
1933,93,1,S
1934,95,4,B
1935,95,2,B
1936,95,3,B
1937,95,1,B
1938,93,2,S
1939,93,1,S
1940,93,7,S
1941,93,1,S
1942,93,3,S
1943,94,1,S
1944,94,2,S
1945,94,1,S
1946,95,4,B
1947,95,3,B
1948,94,2,S
1949,95,1,B
1950,95,2,B
1951,95,3,B
1952,95,3,B
1953,95,4,B
1954,95,2,B
1955,95,6,B
1956,95,1,B
1957,94,2,S
1958,94,2,S
1959,94,3,S
1960,94,5,S
1961,95,7,B
1962,93,4,S
1963,93,1,S
1964,93,7,S
1965,94,5,B
1966,93,5,S
1967,93,3,S
1968,93,4,S
1969,94,1,B
1970,94,3,B
1971,93,2,S
1972,93,1,S
1973,93,4,S
1974,94,6,B
1975,94,3,B
1976,94,3,B
1977,95,1,B
1978,95,3,B
1979,93,4,S
1980,93,2,S
1981,93,4,S
1982,93,2,S
1983,93,2,S
1984,93,7,S
1985,93,1,S
1986,93,2,S
1987,93,4,S
1988,93,2,S
1989,93,5,S
1990,93,5,S
1991,93,1,S
1992,93,3,S
1993,94,1,B
1994,94,6,B
1995,95,2,B
1996,94,1,S
1997,93,1,S
1998,94,6,B
1999,94,1,B
2000,94,3,B
2001,94,6,B
2002,94,1,S
2003,93,4,S
2004,93,1,S
2005,95,4,B
2006,95,1,B
2007,95,1,B
2008,95,2,B
2009,95,3,B
2010,95,1,B
2011,93,2,S
2012,93,5,S
2013,93,3,S
2014,93,1,S
2015,93,2,S
2016,94,9,B
2017,94,1,B
2018,94,8,B
2019,94,1,B
2020,95,1,B
2021,95,2,B
2022,95,4,B
2023,95,5,B
2024,95,2,B
2025,95,1,B
2026,95,3,B
2027,95,4,B
2028,94,3,S
2029,94,6,S
2030,94,1,S
2031,94,5,S
2032,93,4,S
2033,94,2,S
2034,95,3,B
2035,94,6,S
2036,93,8,S
2037,94,1,B
2038,94,7,B
2039,95,2,B
2040,96,4,B
2041,96,3,B
2042,96,6,B
2043,94,2,S
2044,94,4,B
2045,94,6,B
2046,93,2,S
2047,93,3,S
2048,94,4,B
2049,95,5,B
2050,93,6,S
2051,93,1,S
2052,93,3,S
2053,94,3,B
2054,95,1,B
2055,93,6,S
2056,93,4,S
2057,93,3,S
2058,93,2,S
2059,93,3,S
2060,93,3,S
2061,93,1,S
2062,93,3,S
2063,92,2,S
2064,92,1,S
2065,94,1,B
2066,94,6,B
2067,94,1,B
2068,94,4,B
2069,93,6,S
2070,93,2,S
2071,94,4,B
2072,94,1,B
2073,94,1,B
2074,93,2,S
2075,92,7,S
2076,94,4,B
2077,94,1,B
2078,92,4,S
2079,93,6,B
2080,93,1,S
2081,93,2,B
2082,93,3,B
2083,92,5,S
2084,92,3,S
2085,92,1,S
2086,92,6,S
2087,92,2,S
2088,92,8,S
2089,92,1,S
2090,93,1,B
2091,93,3,B
2092,95,2,B
2093,95,7,B
2094,94,3,S
2095,95,8,B
2096,95,2,B
2097,94,1,S
2098,93,5,B
2099,92,7,S
2100,92,3,S
2101,92,3,S
2102,92,6,S
2103,92,1,S
2104,92,7,S
2105,92,2,S
2106,93,1,B
2107,93,2,B
2108,94,5,B
2109,94,4,B
2110,95,3,B
2111,95,1,B
2112,93,1,S
2113,93,2,S
2114,92,2,S
2115,92,2,S
2116,92,2,S
2117,92,2,S
2118,93,5,B
2119,94,1,B
2120,94,3,S
2121,94,9,B
2122,95,1,B
2123,95,1,B
2124,95,2,B
2125,93,5,S
2126,93,3,S
2127,94,4,S
2128,95,5,B
2129,95,5,B
2130,95,3,B
2131,95,2,B
2132,95,4,B
2133,95,3,B
2134,95,6,B
2135,95,1,B
2136,95,2,B
2137,95,8,B
2138,95,2,B
2139,96,2,B
2140,96,8,B
2141,96,1,B
2142,95,5,S
2143,95,2,S
2144,96,7,B
2145,96,1,B
2146,96,2,B
2147,95,8,S
2148,94,4,S
2149,94,2,S
2150,94,3,S
2151,94,2,S
2152,93,4,S
2153,93,2,S
2154,93,2,S
2155,93,1,S
2156,93,6,S
2157,93,1,S
2158,93,2,S
2159,92,6,S
2160,92,3,S
2161,92,2,S
2162,92,4,S
2163,93,3,S
2164,92,4,S
2165,92,1,S
2166,93,2,S
2167,92,1,S
2168,92,9,S
2169,92,6,S
2170,92,1,S
2171,93,7,B
2172,93,1,B
2173,93,3,B
2174,92,7,S
2175,92,3,S
2176,92,1,S
2177,92,4,S
2178,92,1,S
2179,92,2,S
2180,92,3,S
2181,92,1,S
2182,93,8,B
2183,93,2,B
2184,92,5,S
2185,92,3,S
2186,92,1,S
2187,93,6,B
2188,94,2,B
2189,92,4,S
2190,92,1,S
2191,93,2,S
2192,93,1,S
2193,92,6,S
2194,93,1,B
2195,93,3,B
2196,93,4,S
2197,93,3,B
2198,93,3,B
2199,94,1,B
2200,94,4,B
2201,92,4,S
2202,94,3,B
2203,94,5,B
2204,94,2,B
2205,92,5,S
2206,92,3,S
2207,94,2,B
2208,94,4,B
2209,94,2,B
2210,94,3,B
2211,94,5,B
2212,94,4,B
2213,92,3,S
2214,92,2,S
2215,93,7,S
2216,92,1,S
2217,94,3,B
2218,93,1,S
2219,92,4,S
2220,93,3,B
2221,92,1,S
2222,92,6,S
2223,92,1,S
2224,92,2,S
2225,92,5,S
2226,93,5,B
2227,94,5,B
2228,92,1,S
2229,92,2,S
2230,94,2,B
2231,94,3,B
2232,94,1,B
2233,94,2,B
2234,94,1,B
2235,94,3,B
2236,94,1,B
2237,92,2,S
2238,92,1,S
2239,93,1,S
2240,92,6,S
2241,92,4,S
2242,93,5,B
2243,92,2,S
2244,92,2,S
2245,93,3,B
2246,93,4,B
2247,92,3,S
2248,92,2,S
2249,92,2,S
2250,92,2,S
2251,92,4,S
2252,92,1,S
2253,92,1,S
2254,92,1,S
2255,92,5,S
2256,92,2,S
2257,92,4,S
2258,92,3,S
2259,92,2,S
2260,92,5,S
2261,93,3,B
2262,92,1,S
2263,92,1,S
2264,92,1,S
2265,92,4,S
2266,92,2,S
2267,92,1,S
2268,92,1,S
2269,92,5,S
2270,92,1,S
2271,93,1,B
2272,93,1,B
2273,92,1,S
2274,92,7,S
2275,92,2,S
2276,92,4,S
2277,92,3,S
2278,92,5,S
2279,92,1,S
2280,92,1,S
2281,92,1,S
2282,92,1,S
2283,92,3,S
2284,92,3,S
2285,92,4,S
2286,91,5,S
2287,93,6,B
2288,91,5,S
2289,93,2,B
2290,93,7,B
2291,91,2,S
2292,91,4,S
2293,91,3,S
2294,91,1,S
2295,91,3,S
2296,91,1,S
2297,91,3,S
2298,91,1,S
2299,91,4,S
2300,91,2,S
2301,91,3,S
2302,91,2,S
2303,91,2,S
2304,92,2,B
2305,91,1,S
2306,91,5,S
2307,91,1,S
2308,91,1,S
2309,91,4,S
2310,91,1,S
2311,91,1,S
2312,91,4,S
2313,91,2,S
2314,91,1,S
2315,92,4,B
2316,92,4,B
2317,92,2,B
2318,92,3,B
2319,91,1,S
2320,91,1,S
2321,91,5,S
2322,92,7,B
2323,92,3,B
2324,92,5,B
2325,91,1,S
2326,91,4,S
2327,91,2,S
2328,92,2,B
2329,92,1,B
2330,92,3,B
2331,93,4,B
2332,91,5,S
2333,91,3,S
2334,91,4,S
2335,91,1,S
2336,91,2,S
2337,91,2,S
2338,92,1,B
2339,92,5,B
2340,91,2,S
2341,91,5,S
2342,91,4,S
2343,91,3,S
2344,91,1,S
2345,92,1,B
2346,93,2,B
2347,93,5,B
2348,93,1,B
2349,92,8,S
2350,91,1,S
2351,91,5,S
2352,92,3,B
2353,92,1,B
2354,91,4,S
2355,91,4,S
2356,91,1,S
2357,91,3,S
2358,91,4,S
2359,91,4,S
2360,92,1,B
2361,93,1,B
2362,93,4,B
2363,93,4,B
2364,93,5,B
2365,91,4,S
2366,91,2,S
2367,91,5,S
2368,91,3,S
2369,91,5,S
2370,91,5,S
2371,91,4,S
2372,91,4,S
2373,91,1,S
2374,91,6,S
2375,91,1,S
2376,91,2,S
2377,91,5,S
2378,91,2,S
2379,91,1,S
2380,92,1,B
2381,91,5,S
2382,91,2,S
2383,92,2,B
2384,92,5,B
2385,92,2,S
2386,91,1,S
2387,91,5,S
2388,93,1,B
2389,93,1,B
2390,93,2,B
2391,93,5,B
2392,93,3,B
2393,91,9,S
2394,92,5,B
2395,93,1,B
2396,93,2,B
2397,93,1,B
2398,93,7,B
2399,91,5,S
2400,92,1,B
2401,91,4,S
2402,91,6,S
2403,91,3,S
2404,91,3,S
2405,91,6,S
2406,91,4,S
2407,91,5,S
2408,91,1,S
2409,91,4,S
2410,91,3,S
2411,91,2,S
2412,92,2,B
2413,93,1,B
2414,93,3,B
2415,93,6,B
2416,93,1,B
2417,93,2,B
2418,91,3,S
2419,91,6,S
2420,91,7,S
2421,90,1,S
2422,93,6,B
2423,93,3,B
2424,93,2,B
2425,92,3,S
2426,92,3,S
2427,92,4,S
2428,92,3,S
2429,91,3,S
2430,93,4,B
2431,91,1,S
2432,91,1,S
2433,91,2,S
2434,91,2,S
2435,93,1,B
2436,93,5,B
2437,93,2,B
2438,91,1,S
2439,91,6,S
2440,93,2,B
2441,93,5,B
2442,91,2,S
2443,91,5,B
2444,91,4,S
2445,90,1,S
2446,90,3,S
2447,90,5,S
2448,90,2,S
2449,90,7,S
2450,90,1,S
2451,90,5,S
2452,90,4,S
2453,90,3,S
2454,90,5,S
2455,90,3,S
2456,90,1,S
2457,90,2,S
2458,90,2,S
2459,90,1,S
2460,90,3,S
2461,90,4,S
2462,90,5,S
2463,90,3,S
2464,90,2,S
2465,90,2,S
2466,91,2,B
2467,91,5,B
2468,92,2,B
2469,91,1,S
2470,90,8,S
2471,90,1,S
2472,90,2,S
2473,92,2,B
2474,92,2,B
2475,90,4,S
2476,90,1,S
2477,92,1,B
2478,90,5,S
2479,90,2,S
2480,91,3,B
2481,90,2,S
2482,91,1,B
2483,91,1,B
2484,90,3,S
2485,91,2,B
2486,92,8,B
2487,92,6,B
2488,92,1,B
2489,92,2,B
2490,92,4,B
2491,92,2,B
2492,91,5,S
2493,92,1,B
2494,93,1,B
2495,93,5,B
2496,92,3,B
2497,91,1,S
2498,90,1,S
2499,92,2,B
2500,93,2,B
2501,93,4,B
2502,93,2,B
2503,92,3,S
2504,91,4,S
2505,91,2,S
2506,91,2,S
2507,91,2,S
2508,91,5,S
2509,90,3,S
2510,90,2,S
2511,91,2,S
2512,90,4,S
2513,90,1,S
2514,90,3,S
2515,90,2,S
2516,90,3,S
2517,90,1,S
2518,92,1,B
2519,92,7,B
2520,92,3,S
2521,92,5,B
2522,92,4,S
2523,91,2,S
2524,92,5,S
2525,93,4,B
2526,93,4,B
2527,93,2,B
2528,92,2,S
2529,92,1,S
2530,92,6,S
2531,92,2,S
2532,92,1,S
2533,92,2,S
2534,92,3,S
2535,92,2,S
2536,92,1,S
2537,92,2,S
2538,92,2,S
2539,92,7,S
2540,91,1,S
2541,91,2,S
2542,91,2,S
2543,93,2,B
2544,93,1,B
2545,93,7,B
2546,92,2,S
2547,93,1,B
2548,92,5,S
2549,92,1,S
2550,92,3,S
2551,92,4,S
2552,92,2,S
2553,92,3,S
2554,92,2,S
2555,91,1,S
2556,91,4,S
2557,93,2,B
2558,93,5,B
2559,93,3,B
2560,91,1,S
2561,91,2,S
2562,91,6,S
2563,91,2,S
2564,91,4,S
2565,91,4,S
2566,91,1,S
2567,91,2,S
2568,91,3,S
2569,91,4,S
2570,91,2,S
2571,91,5,S
2572,91,1,S
2573,91,1,S
2574,91,5,S
2575,91,1,S
2576,91,2,S
2577,91,1,S
2578,91,2,S
2579,91,3,S
2580,91,5,S
2581,90,2,S
2582,92,4,B
2583,92,1,B
2584,90,1,S
2585,91,6,S
2586,92,1,B
2587,91,1,S
2588,91,6,S
2589,90,1,S
2590,91,2,S
2591,91,1,S
2592,91,2,S
2593,90,1,S
2594,91,2,B
2595,91,2,B
2596,90,2,S
2597,90,2,S
2598,90,5,S
2599,90,5,S
2600,90,2,S
2601,90,1,S
2602,90,6,S
2603,90,4,S
2604,91,2,B
2605,91,2,B
2606,91,3,B
2607,92,2,B
2608,91,4,S
2609,91,4,S
2610,90,4,S
2611,90,6,S
2612,91,3,B
2613,92,1,B
2614,92,6,B
2615,91,1,S
2616,90,3,S
2617,90,3,S
2618,90,3,S
2619,92,1,B
2620,92,4,B
2621,91,1,B
2622,91,2,B
2623,90,3,S
2624,90,4,S
2625,90,2,S
2626,91,2,B
2627,90,1,S
2628,90,5,S
2629,90,4,S
2630,91,2,B
2631,91,2,B
2632,90,4,S
2633,90,1,S
2634,90,3,S
2635,90,1,S
2636,90,2,S
2637,91,3,B
2638,92,1,B
2639,92,2,B
2640,90,1,S
2641,90,5,S
2642,90,2,S
2643,90,2,S
2644,91,1,B
2645,90,6,S
2646,90,2,S
2647,90,3,S
2648,90,7,S
2649,90,2,S
2650,90,1,S
2651,91,6,B
2652,90,6,S
2653,91,8,B
2654,90,5,S
2655,90,3,S
2656,90,2,S
2657,90,2,S
2658,90,3,S
2659,91,1,B
2660,91,3,B
2661,90,5,S
2662,90,2,S
2663,90,2,S
2664,90,5,S
2665,90,5,S
2666,91,3,B
2667,91,3,S
2668,91,2,B
2669,90,3,S
2670,90,1,S
2671,90,1,S
2672,89,1,S
2673,90,2,B
2674,90,1,B
2675,90,1,S
2676,90,1,S
2677,89,5,S
2678,89,1,S
2679,89,4,S
2680,89,4,S
2681,89,1,S
2682,89,5,S
2683,89,2,S
2684,90,3,B
2685,90,2,B
2686,89,5,S
2687,90,3,B
2688,90,2,B
2689,90,5,B
2690,91,1,B
2691,89,4,S
2692,89,5,S
2693,89,2,S
2694,89,2,S
2695,89,6,S
2696,89,1,S
2697,89,4,S
2698,90,6,B
2699,89,2,S
2700,89,1,S
2701,89,2,S
2702,89,4,S
2703,90,4,B
2704,90,1,S
2705,89,4,S
2706,91,5,B
2707,91,5,B
2708,91,1,B
2709,92,1,B
2710,92,2,B
2711,92,5,B
2712,91,7,S
2713,91,3,S
2714,91,3,S
2715,90,4,S
2716,90,2,B
2717,91,6,B
2718,91,1,B
2719,90,2,S
2720,91,3,B
2721,90,5,S
2722,89,1,S
2723,89,3,S
2724,90,8,B
2725,90,2,B
2726,89,3,S
2727,89,2,S
2728,89,3,S
2729,90,3,B
2730,89,5,S
2731,90,6,B
2732,89,1,S
2733,89,1,S
2734,89,4,S
2735,90,8,B
2736,92,5,B
2737,92,5,B
2738,92,1,B
2739,91,1,S
2740,91,3,B
2741,90,8,S
2742,90,1,S
2743,89,1,S
2744,89,1,S
2745,89,3,S
2746,89,4,S
2747,90,2,B
2748,89,3,S
2749,90,5,B
2750,89,2,S
2751,90,1,B
2752,90,7,B
2753,90,4,B
2754,91,1,B
2755,89,2,S
2756,90,3,B
2757,90,3,B
2758,89,6,S
2759,89,2,S
2760,89,2,S
2761,89,3,S
2762,89,2,S
2763,89,4,S
2764,89,4,S
2765,90,4,B
2766,90,1,B
2767,90,2,B
2768,91,4,B
2769,91,4,B
2770,91,1,B
2771,91,2,B
2772,91,2,B
2773,91,8,B
2774,90,1,S
2775,89,2,S
2776,89,5,S
2777,89,1,S
2778,91,1,B
2779,91,5,B
2780,91,3,S
2781,89,3,S
2782,89,2,S
2783,89,2,S
2784,89,7,S
2785,89,9,S
2786,92,4,B
2787,91,8,S
2788,89,4,S
2789,89,1,S
2790,90,6,B
2791,91,4,S
2792,92,5,B
2793,91,1,S
2794,90,4,S
2795,89,6,S
2796,89,2,S
2797,89,3,S
2798,90,2,B
2799,90,2,B
2800,89,1,S
2801,89,3,S
2802,89,3,S
2803,89,2,S
2804,90,5,B
2805,91,1,B
2806,91,1,B
2807,90,3,S
2808,90,4,S
2809,91,1,B
2810,91,4,B
2811,91,1,B
2812,91,2,B
2813,91,1,B
2814,91,1,S
2815,90,4,S
2816,90,2,B
2817,89,6,S
2818,89,3,S
2819,89,1,S
2820,89,4,S
2821,89,4,S
2822,89,5,S
2823,90,3,B
2824,90,6,B
2825,90,1,B
2826,91,2,S
2827,89,2,S
2828,89,4,S
2829,88,2,S
2830,88,2,S
2831,88,7,S
2832,88,1,S
2833,88,3,S
2834,89,2,B
2835,89,2,B
2836,89,6,B
2837,88,4,S
2838,88,4,S
2839,88,3,S
2840,88,3,S
2841,88,3,S
2842,88,4,S
2843,88,1,S
2844,88,5,S
2845,88,5,S
2846,88,3,S
2847,88,6,S
2848,89,1,B
2849,88,3,S
2850,88,1,S
2851,88,2,S
2852,89,4,B
2853,89,2,B
2854,88,1,S
2855,89,7,B
2856,89,3,B
2857,88,6,S
2858,88,3,S
2859,89,7,B
2860,89,2,B
2861,88,2,S
2862,88,5,S
2863,88,1,S
2864,88,1,S
2865,89,1,B
2866,90,5,B
2867,90,3,B
2868,90,1,B
2869,90,7,B
2870,90,2,B
2871,88,6,S
2872,88,1,S
2873,90,2,B
2874,89,3,B
2875,89,3,B
2876,88,2,S
2877,88,6,S
2878,88,2,S
2879,88,1,S
2880,88,1,S
2881,88,4,S
2882,88,2,S
2883,88,3,S
2884,89,3,B
2885,89,2,B
2886,89,3,B
2887,89,1,B
2888,88,3,S
2889,88,2,S
2890,88,1,S
2891,88,3,S
2892,88,2,S
2893,89,3,B
2894,89,1,B
2895,89,5,B
2896,89,1,B
2897,89,4,B
2898,88,5,S
2899,88,1,S
2900,88,5,S
2901,88,2,S
2902,89,2,B
2903,89,6,B
2904,89,1,B
2905,88,5,S
2906,88,1,S
2907,88,6,S
2908,88,2,S
2909,89,2,B
2910,89,2,B
2911,90,2,B
2912,90,1,B
2913,90,4,B
2914,90,2,B
2915,89,4,S
2916,88,2,S
2917,88,3,S
2918,88,2,S
2919,88,3,S
2920,88,4,S
2921,88,2,S
2922,88,6,S
2923,89,1,B
2924,90,3,B
2925,90,1,B
2926,89,5,S
2927,89,2,S
2928,89,1,S
2929,90,1,B
2930,90,6,B
2931,90,8,B
2932,90,1,B
2933,89,3,S
2934,89,3,S
2935,89,1,S
2936,89,2,S
2937,90,9,B
2938,90,1,B
2939,90,2,B
2940,90,3,B
2941,89,6,S
2942,89,3,S
2943,89,1,S
2944,89,1,S
2945,89,2,S
2946,89,1,S
2947,89,7,S
2948,88,3,S
2949,88,5,S
2950,88,1,S
2951,89,6,B
2952,89,4,B
2953,90,2,B
2954,88,4,S
2955,90,1,B
2956,90,1,B
2957,90,5,B
2958,90,2,B
2959,91,7,B
2960,91,2,B
2961,90,4,S
2962,91,1,B
2963,91,1,B
2964,90,1,S
2965,91,4,B
2966,90,3,S
2967,89,6,S
2968,90,2,B
2969,91,4,B
2970,92,1,B
2971,92,1,B
2972,90,1,S
2973,90,3,S
2974,88,2,S
2975,88,1,S
2976,88,3,S
2977,88,3,S
2978,88,2,S
2979,87,7,S
2980,88,8,B
2981,88,1,B
2982,87,2,S
2983,87,3,S
2984,88,2,B
2985,87,5,S
2986,88,2,B
2987,87,2,S
2988,87,7,S
2989,87,3,S
2990,87,6,S
2991,87,2,S
2992,88,1,B
2993,88,3,B
2994,89,1,B
2995,91,5,B
2996,89,5,S
2997,89,2,B
2998,90,3,B
2999,87,2,S
3000,87,3,S
3001,87,1,S
3002,87,2,S
3003,87,5,S
3004,87,1,S
3005,87,4,S
3006,87,3,S
3007,87,5,S
3008,87,4,S
3009,87,3,S
3010,87,3,S
3011,87,2,S
3012,88,5,B
3013,87,1,S
3014,88,1,B
3015,88,2,B
3016,88,3,B
3017,87,3,S
3018,87,2,S
3019,87,1,S
3020,87,5,S
3021,88,4,B
3022,88,3,B
3023,88,3,B
3024,87,2,S
3025,87,2,S
3026,87,4,S
3027,87,2,S
3028,86,1,S
3029,86,2,S
3030,88,5,B
3031,88,1,B
3032,88,2,B
3033,88,5,B
3034,89,2,B
3035,89,2,B
3036,87,2,S
3037,87,1,S
3038,86,5,S
3039,86,1,S
3040,86,1,S
3041,86,4,S
3042,87,5,B
3043,86,1,S
3044,86,7,S
3045,86,1,S
3046,86,2,S
3047,86,2,S
3048,86,6,S
3049,87,3,B
3050,87,1,B
3051,88,4,B
3052,86,2,S
3053,87,3,S
3054,87,3,S
3055,87,2,S
3056,86,3,S
3057,86,2,S
3058,86,2,S
3059,88,1,B
3060,86,4,S
3061,86,2,S
3062,86,2,S
3063,86,5,S
3064,86,3,S
3065,86,1,S
3066,86,5,S
3067,86,2,S
3068,86,1,S
3069,86,1,S
3070,86,7,S
3071,86,1,S
3072,86,3,S
3073,87,3,B
3074,87,4,B
3075,87,4,B
3076,87,1,B
3077,86,2,S
3078,86,1,S
3079,86,6,S
3080,86,2,S
3081,87,8,B
3082,87,2,B
3083,86,1,S
3084,86,4,S
3085,86,5,S
3086,85,1,S
3087,85,3,S
3088,85,1,S
3089,86,6,B
3090,86,1,B
3091,87,2,B
3092,87,2,S
3093,87,1,S
3094,85,2,S
3095,87,2,S
3096,87,4,S
3097,87,5,S
3098,87,2,S
3099,87,5,B
3100,87,2,B
3101,87,2,S
3102,85,4,S
3103,85,4,S
3104,87,6,B
3105,87,1,S
3106,88,1,B
3107,88,5,B
3108,88,3,B
3109,88,3,B
3110,87,2,S
3111,87,7,S
3112,86,1,S
3113,86,5,S
3114,86,2,S
3115,85,2,S
3116,85,1,S
3117,85,4,S
3118,85,6,S
3119,85,3,S
3120,85,1,S
3121,87,4,B
3122,88,2,B
3123,87,1,S
3124,85,1,S
3125,85,7,S
3126,85,1,S
3127,85,3,S
3128,85,2,S
3129,86,2,B
3130,86,7,B
3131,86,5,S
3132,86,4,S
3133,85,4,S
3134,85,2,S
3135,86,5,B
3136,86,1,B
3137,86,1,S
3138,85,2,S
3139,85,6,S
3140,85,2,S
3141,85,2,S
3142,85,4,S
3143,85,3,S
3144,86,4,B
3145,86,4,B
3146,87,4,B
3147,88,2,B
3148,88,1,B
3149,88,3,B
3150,87,2,S
3151,87,3,S
3152,86,3,S
3153,86,2,S
3154,87,2,B
3155,87,6,B
3156,86,3,S
3157,85,3,S
3158,85,3,S
3159,85,2,S
3160,85,2,S
3161,86,1,B
3162,85,4,S
3163,85,1,B
3164,84,1,S
3165,84,3,S
3166,84,2,S
3167,85,1,B
3168,85,1,B
3169,86,1,B
3170,86,1,B
3171,86,1,B
3172,87,3,B
3173,87,5,S
3174,86,1,B
3175,85,7,S
3176,85,1,S
3177,84,4,S
3178,84,2,S
3179,86,5,B
3180,87,2,B
3181,87,3,S
3182,87,1,B
3183,88,2,B
3184,88,5,B
3185,88,1,B
3186,88,1,B
3187,87,7,S
3188,88,1,B
3189,88,2,B
3190,87,2,S
3191,87,4,B
3192,87,6,S
3193,87,4,B
3194,87,6,S
3195,86,1,S
3196,88,7,B
3197,86,2,S
3198,86,1,S
3199,86,1,S
3200,85,7,S
3201,84,3,S
3202,84,1,S
3203,84,1,S
3204,84,4,S
3205,84,2,S
3206,85,5,B
3207,84,2,S
3208,85,4,B
3209,85,1,B
3210,85,3,B
3211,85,2,B
3212,85,4,B
3213,84,1,S
3214,84,1,S
3215,84,1,S
3216,84,5,S
3217,84,4,S
3218,84,2,S
3219,84,1,S
3220,84,9,S
3221,85,2,B
3222,85,10,B
3223,84,3,S
3224,84,4,S
3225,85,3,B
3226,86,2,B
3227,86,4,B
3228,86,1,B
3229,85,4,S
3230,84,1,S
3231,84,1,S
3232,84,2,S
3233,85,3,S
3234,85,6,S
3235,85,4,S
3236,84,4,S
3237,85,3,S
3238,86,2,B
3239,86,6,B
3240,85,3,S
3241,84,1,S
3242,84,2,S
3243,84,4,S
3244,84,1,S
3245,84,3,S
3246,84,3,S
3247,84,2,S
3248,83,2,S
3249,85,6,B
3250,85,6,B
3251,85,2,B
3252,85,5,B
3253,84,3,S
3254,83,6,S
3255,83,1,S
3256,84,3,B
3257,83,2,S
3258,83,4,S
3259,83,1,S
3260,83,3,S
3261,84,5,B
3262,84,5,B
3263,83,2,S
3264,83,8,S
3265,83,2,S
3266,83,5,S
3267,83,1,S
3268,84,2,B
3269,84,1,B
3270,83,2,S
3271,83,5,S
3272,83,2,S
3273,84,5,B
3274,83,5,S
3275,84,1,B
3276,85,3,B
3277,85,7,B
3278,85,3,B
3279,85,6,B
3280,84,6,S
3281,85,1,B
3282,84,8,S
3283,85,6,B
3284,84,2,S
3285,83,3,S
3286,85,1,B
3287,85,2,B
3288,85,2,B
3289,83,7,S
3290,83,1,S
3291,83,1,S
3292,83,2,S
3293,83,4,S
3294,83,4,S
3295,82,4,S
3296,84,3,B
3297,84,1,S
3298,85,1,B
3299,85,9,B
3300,85,1,B
3301,85,2,B
3302,85,5,S
3303,84,1,S
3304,84,2,B
3305,84,2,S
3306,83,2,S
3307,85,5,B
3308,85,1,S
3309,86,1,B
3310,85,1,S
3311,83,3,S
3312,86,8,B
3313,86,1,B
3314,86,1,B
3315,86,4,B
3316,85,5,S
3317,85,1,S
3318,85,2,S
3319,85,1,S
3320,84,7,S
3321,84,1,S
3322,83,5,S
3323,83,2,S
3324,84,3,S
3325,85,3,B
3326,85,2,B
3327,86,1,B
3328,86,4,B
3329,86,2,B
3330,86,1,B
3331,86,2,S
3332,86,3,S
3333,87,1,B
3334,87,7,B
3335,87,2,B
3336,86,5,S
3337,85,5,S
3338,84,7,S
3339,85,5,B
3340,85,3,B
3341,87,5,B
3342,87,5,B
3343,85,7,S
3344,87,2,B
3345,86,1,S
3346,87,3,B
3347,87,1,B
3348,86,8,S
3349,86,1,S
3350,85,7,B
3351,85,3,B
3352,84,7,S
3353,85,4,B
3354,86,1,B
3355,84,2,S
3356,84,2,S
3357,84,1,S
3358,84,7,S
3359,84,2,S
3360,84,4,S
3361,84,4,S
3362,84,5,S
3363,84,2,S
3364,84,7,S
3365,84,1,S
3366,85,5,B
3367,86,4,B
3368,84,4,S
3369,84,5,S
3370,84,2,S
3371,86,9,B
3372,85,8,S
3373,85,2,S
3374,85,3,B
3375,85,2,S
3376,86,1,B
3377,86,1,B
3378,86,1,S
3379,85,3,S
3380,84,4,S
3381,84,3,S
3382,86,7,B
3383,86,1,B
3384,85,3,S
3385,86,1,B
3386,86,5,B
3387,87,3,B
3388,87,3,B
3389,87,3,B
3390,85,1,S
3391,85,5,S
3392,83,4,S
3393,83,2,S
3394,83,1,S
3395,83,3,S
3396,84,9,B
3397,85,1,B
3398,83,1,S
3399,83,1,S
3400,83,2,S
3401,83,4,S
3402,83,3,S
3403,85,4,B
3404,85,3,B
3405,85,1,B
3406,85,3,B
3407,85,6,B
3408,85,2,B
3409,86,4,S
3410,86,3,S
3411,86,1,S
3412,85,1,S
3413,86,6,B
3414,85,3,S
3415,85,5,S
3416,86,1,B
3417,85,7,S
3418,85,2,S
3419,85,6,S
3420,85,2,S
3421,86,1,B
3422,87,1,B
3423,87,7,B
3424,85,2,S
3425,84,4,S
3426,86,1,B
3427,87,7,B
3428,87,1,B
3429,87,2,B
3430,87,3,B
3431,87,4,B
3432,87,3,B
3433,86,3,S
3434,86,2,S
3435,86,4,S
3436,85,1,S
3437,87,6,B
3438,85,3,S
3439,87,3,B
3440,86,6,S
3441,85,6,S
3442,85,4,S
3443,86,2,B
3444,87,2,B
3445,87,5,B
3446,87,2,B
3447,85,5,S
3448,85,2,S
3449,85,2,S
3450,85,2,S
3451,84,6,S
3452,84,3,S
3453,85,6,S
3454,84,3,S
3455,85,2,B
3456,86,6,B
3457,86,1,B
3458,84,4,S
3459,84,1,S
3460,84,2,S
3461,84,6,S
3462,85,4,B
3463,84,4,S
3464,84,3,S
3465,84,1,S
3466,84,6,S
3467,84,5,S
3468,85,4,B
3469,84,2,S
3470,84,2,S
3471,84,3,S
3472,84,1,S
3473,84,2,S
3474,85,1,B
3475,85,4,B
3476,85,3,B
3477,85,1,B
3478,86,8,B
3479,86,2,B
3480,86,7,B
3481,86,2,B
3482,86,5,B
3483,84,1,S
3484,84,3,S
3485,84,3,S
3486,85,6,B
3487,85,1,B
3488,85,4,B
3489,84,2,S
3490,84,3,S
3491,84,2,S
3492,84,1,S
3493,84,3,S
3494,84,1,S
3495,84,8,S
3496,83,1,S
3497,85,2,B
3498,85,1,B
3499,85,3,B
3500,84,7,B
3501,85,2,B
3502,85,1,S
3503,85,3,S
3504,86,1,B
3505,86,2,B
3506,87,1,B
3507,87,4,B
3508,85,1,S
3509,85,3,B
3510,86,4,B
3511,85,3,S
3512,85,4,S
3513,84,2,S
3514,84,1,S
3515,84,1,S
3516,84,1,B
3517,85,4,S
3518,85,2,S
3519,84,1,B
3520,84,6,S
3521,84,1,S
3522,83,2,S
3523,84,2,B
3524,84,4,B
3525,84,2,S
3526,84,2,S
3527,83,1,S
3528,83,9,S
3529,85,4,B
3530,85,2,B
3531,86,3,B
3532,86,2,B
3533,86,2,B
3534,86,3,B
3535,87,3,B
3536,87,2,B
3537,84,9,S
3538,84,1,B
3539,84,5,B
3540,86,1,S
3541,86,5,S
3542,86,3,B
3543,84,1,S
3544,84,3,S
3545,84,2,S
3546,85,1,B
3547,84,5,S
3548,83,1,S
3549,83,5,S
3550,84,3,B
3551,83,3,S
3552,83,1,S
3553,84,2,B
3554,83,1,S
3555,83,4,S
3556,83,2,S
3557,83,7,S
3558,84,9,B
3559,84,1,B
3560,83,2,S
3561,83,5,S
3562,83,1,S
3563,83,3,S
3564,83,2,S
3565,83,2,S
3566,83,2,S
3567,83,5,S
3568,83,3,S
3569,83,3,S
3570,83,7,S
3571,83,2,S
3572,83,3,S
3573,83,5,S
3574,83,2,S
3575,83,5,S
3576,84,5,B
3577,84,3,B
3578,84,3,B
3579,84,2,B
3580,83,2,S
3581,84,4,B
3582,84,1,B
3583,83,1,S
3584,83,3,S
3585,83,3,S
3586,83,4,S
3587,84,1,B
3588,84,6,B
3589,84,1,B
3590,85,4,B
3591,83,3,S
3592,83,2,S
3593,83,4,S
3594,83,2,S
3595,83,1,S
3596,85,2,B
3597,85,3,B
3598,85,2,B
3599,85,1,B
3600,83,5,S
3601,83,1,S
3602,83,8,S
3603,83,2,S
3604,83,2,S
3605,82,4,S
3606,82,1,S
3607,82,1,S
3608,83,4,B
3609,84,3,B
3610,82,6,S
3611,83,5,B
3612,82,1,S
3613,82,2,S
3614,82,6,S
3615,83,4,B
3616,83,3,B
3617,83,2,B
3618,83,2,B
3619,82,1,S
3620,82,8,S
3621,82,1,S
3622,82,1,S
3623,82,3,S
3624,82,3,S
3625,83,1,B
3626,83,6,B
3627,83,3,B
3628,83,6,B
3629,83,3,B
3630,84,2,B
3631,84,2,B
3632,82,2,S
3633,82,2,S
3634,84,5,B
3635,84,2,B
3636,84,4,S
3637,85,4,B
3638,85,2,B
3639,85,1,B
3640,85,1,B
3641,86,5,B
3642,86,2,B
3643,86,1,B
3644,85,1,S
3645,85,9,S
3646,86,1,B
3647,85,1,S
3648,85,3,S
3649,85,7,S
3650,84,1,S
3651,84,4,S
3652,84,5,S
3653,84,4,S
3654,83,1,S
3655,85,3,B
3656,85,3,B
3657,85,7,B
3658,86,1,B
3659,83,1,S
3660,83,4,S
3661,86,1,B
3662,84,5,S
3663,86,2,B
3664,87,2,B
3665,87,4,B
3666,87,1,B
3667,85,1,B
3668,84,5,S
3669,84,2,S
3670,84,5,S
3671,84,5,S
3672,85,6,B
3673,84,2,S
3674,84,5,S
3675,84,2,S
3676,85,3,B
3677,85,3,B
3678,86,3,B
3679,86,1,B
3680,86,1,B
3681,86,3,B
3682,86,6,S
3683,86,5,B
3684,84,5,S
3685,84,5,S
3686,84,2,S
3687,84,2,S
3688,84,6,S
3689,83,1,S
3690,83,4,S
3691,83,4,S
3692,84,9,B
3693,84,8,B
3694,84,2,B
3695,84,8,B
3696,85,4,B
3697,85,1,B
3698,85,2,B
3699,86,1,B
3700,86,7,B
3701,85,7,S
3702,84,4,S
3703,83,2,S
3704,83,2,S
3705,83,3,S
3706,83,6,S
3707,84,5,B
3708,83,1,S
3709,83,6,S
3710,83,1,S
3711,83,2,S
3712,83,3,S
3713,84,1,B
3714,83,3,S
3715,83,5,S
3716,82,2,S
3717,82,1,S
3718,82,5,S
3719,83,1,B
3720,84,1,B
3721,82,1,S
3722,82,5,S
3723,84,1,B
3724,84,4,S
3725,84,3,S
3726,83,3,B
3727,82,5,S
3728,82,2,S
3729,83,8,B
3730,83,2,B
3731,83,2,B
3732,84,2,B
3733,84,2,B
3734,84,2,S
3735,84,2,S
3736,84,1,S
3737,85,3,B
3738,85,6,B
3739,85,4,B
3740,86,1,B
3741,86,3,B
3742,86,1,B
3743,84,6,S
3744,84,3,S
3745,86,8,B
3746,85,2,B
3747,86,4,B
3748,87,4,B
3749,87,1,B
3750,87,1,B
3751,87,6,B
3752,86,1,S
3753,86,3,S
3754,86,3,S
3755,86,3,S
3756,86,3,S
3757,86,1,S
3758,87,1,B
3759,87,6,B
3760,87,3,B
3761,87,4,B
3762,87,3,B
3763,87,3,B
3764,86,1,S
3765,86,1,S
3766,87,1,B
3767,87,1,B
3768,87,4,B
3769,86,2,S
3770,87,2,B
3771,87,1,B
3772,87,2,B
3773,87,1,B
3774,87,1,B
3775,87,3,B
3776,87,7,B
3777,87,5,B
3778,87,5,B
3779,87,4,B
3780,87,6,B
3781,86,3,S
3782,86,2,S
3783,86,5,S
3784,86,2,S
3785,85,5,S
3786,85,2,S
3787,85,2,S
3788,86,9,B
3789,86,2,S
3790,86,4,S
3791,85,1,S
3792,85,4,S
3793,85,1,S
3794,85,3,B
3795,86,7,S
3796,86,2,B
3797,86,6,B
3798,85,1,S
3799,85,1,S
3800,85,2,S
3801,85,1,S
3802,85,3,S
3803,85,2,S
3804,85,7,S
3805,85,1,S
3806,84,7,S
3807,84,1,S
3808,85,1,B
3809,86,1,B
3810,86,2,B
3811,86,5,B
3812,86,2,B
3813,85,1,S
3814,84,2,S
3815,84,1,S
3816,86,2,B
3817,86,1,B
3818,86,3,B
3819,86,2,B
3820,87,1,B
3821,87,1,B
3822,87,1,B
3823,84,8,S
3824,84,1,S
3825,85,1,B
3826,84,7,S
3827,84,1,S
3828,84,1,S
3829,84,3,S
3830,84,3,S
3831,84,1,S
3832,84,4,S
3833,85,4,B
3834,85,1,B
3835,85,3,B
3836,85,3,B
3837,85,4,B
3838,85,3,B
3839,85,1,B
3840,86,6,B
3841,84,5,S
3842,84,1,S
3843,84,3,S
3844,84,1,S
3845,84,1,S
3846,85,1,B
3847,86,3,B
3848,86,2,B
3849,84,3,S
3850,85,3,B
3851,84,2,S
3852,84,3,S
3853,84,4,S
3854,84,2,S
3855,84,1,S
3856,84,2,S
3857,85,2,B
3858,86,3,B
3859,86,2,B
3860,85,5,S
3861,84,3,S
3862,84,5,S
3863,84,3,S
3864,84,2,S
3865,84,7,S
3866,85,3,B
3867,86,3,B
3868,86,2,B
3869,85,5,S
3870,85,3,S
3871,84,2,S
3872,84,1,S
3873,85,7,S
3874,85,2,S
3875,85,1,S
3876,84,7,S
3877,86,1,B
3878,86,1,B
3879,86,1,B
3880,87,1,B
3881,86,3,B
3882,84,1,S
3883,83,2,S
3884,83,6,S
3885,83,1,S
3886,84,1,S
3887,84,1,S
3888,86,1,B
3889,86,1,S
3890,86,3,S
3891,86,5,S
3892,87,1,B
3893,87,2,B
3894,87,4,B
3895,86,5,S
3896,84,3,S
3897,85,2,S
3898,85,3,S
3899,85,3,S
3900,85,5,S
3901,86,2,B
3902,87,2,B
3903,87,3,B
3904,87,3,B
3905,86,4,S
3906,86,3,S
3907,87,1,B
3908,87,2,B
3909,87,7,B
3910,86,6,S
3911,86,2,S
3912,86,1,S
3913,86,3,B
3914,86,1,S
3915,85,8,S
3916,86,6,S
3917,86,1,S
3918,86,5,B
3919,87,2,B
3920,87,6,B
3921,87,3,B
3922,87,2,B
3923,87,3,B
3924,85,7,S
3925,85,2,S
3926,84,3,S
3927,84,3,S
3928,84,6,S
3929,84,4,S
3930,84,3,S
3931,84,1,S
3932,84,6,S
3933,84,2,S
3934,84,1,S
3935,84,9,S
3936,85,2,B
3937,85,5,B
3938,85,4,B
3939,85,2,B
3940,85,7,B
3941,85,2,B
3942,85,6,B
3943,84,6,B
3944,84,3,B
3945,85,7,B
3946,83,2,S
3947,85,3,B
3948,85,7,S
3949,84,2,S
3950,85,1,B
3951,86,6,B
3952,84,6,S
3953,84,4,S
3954,85,3,S
3955,85,7,S
3956,85,1,S
3957,84,1,S
3958,83,6,S
3959,86,1,B
3960,86,5,B
3961,86,2,B
3962,86,2,B
3963,86,4,B
3964,86,5,B
3965,86,1,B
3966,85,9,S
3967,85,1,S
3968,85,1,S
3969,85,6,S
3970,85,4,S
3971,85,3,S
3972,85,2,S
3973,85,1,S
3974,84,1,S
3975,86,2,B
3976,86,4,B
3977,87,1,B
3978,87,2,B
3979,85,3,S
3980,86,9,S
3981,87,3,B
3982,87,4,B
3983,86,1,S
3984,85,5,S
3985,87,2,B
3986,87,2,B
3987,87,5,B
3988,85,2,S
3989,84,2,S
3990,84,3,S
3991,84,3,S
3992,84,2,S
3993,84,4,S
3994,85,5,B
3995,84,1,S
3996,84,4,S
3997,84,3,S
3998,84,5,S
3999,85,1,B
4000,85,1,B
4001,85,8,B
4002,85,1,B
4003,85,3,B
4004,86,6,B
4005,84,7,S
4006,83,2,S
4007,83,6,S
4008,83,2,S
4009,83,3,S
4010,86,1,B
4011,85,3,S
4012,85,1,S
4013,84,3,S
4014,83,3,S
4015,83,3,S
4016,84,1,B
4017,86,1,B
4018,86,2,B
4019,86,2,S
4020,85,2,S
4021,85,5,S
4022,84,1,S
4023,83,4,S
4024,83,1,S
4025,83,1,S
4026,83,4,S
4027,85,4,B
4028,85,4,B
4029,83,5,S
4030,84,2,B
4031,84,5,S
4032,84,1,S
4033,84,4,S
4034,84,2,S
4035,83,6,S
4036,83,1,S
4037,86,5,B
4038,85,5,S
4039,86,1,B
4040,87,1,B
4041,85,4,S
4042,84,2,S
4043,85,1,S
4044,87,3,B
4045,87,1,B
4046,87,2,B
4047,87,1,B
4048,85,1,S
4049,84,3,S
4050,84,1,S
4051,84,2,S
4052,84,2,S
4053,85,5,B
4054,85,4,B
4055,85,4,B
4056,85,3,S
4057,85,7,S
4058,85,2,S
4059,84,8,S
4060,84,2,S
4061,84,1,S
4062,83,6,S
4063,85,2,B
4064,84,3,S
4065,84,3,S
4066,84,3,S
4067,84,3,S
4068,85,6,B
4069,86,1,B
4070,85,3,S
4071,85,2,S
4072,85,1,S
4073,85,1,S
4074,85,2,S
4075,85,1,S
4076,83,2,S
4077,83,4,S
4078,83,5,S
4079,83,5,S
4080,83,2,S
4081,83,2,S
4082,83,7,S
4083,86,6,B
4084,86,3,B
4085,86,1,B
4086,83,2,S
4087,85,3,B
4088,86,2,B
4089,86,2,B
4090,83,3,S
4091,86,5,B
4092,86,3,B
4093,86,2,B
4094,86,2,B
4095,85,2,S
4096,84,8,S
4097,84,2,S
4098,83,2,S
4099,83,2,S
4100,86,3,B
4101,86,3,B
4102,85,5,B
4103,83,2,S
4104,85,1,B
4105,86,2,B
4106,86,2,B
4107,87,3,B
4108,86,4,S
4109,85,2,B
4110,86,7,B
4111,86,3,B
4112,86,2,B
4113,86,6,B
4114,87,1,B
4115,87,3,B
4116,85,7,S
4117,85,1,S
4118,87,4,B
4119,85,6,S
4120,85,4,S
4121,87,5,B
4122,87,4,S
4123,86,6,B
4124,88,2,B
4125,88,4,B
4126,88,4,B
4127,88,2,B
4128,88,4,B
4129,88,1,B
4130,88,5,B
4131,87,3,S
4132,87,4,S
4133,86,1,S
4134,86,2,S
4135,86,3,S
4136,86,6,S
4137,88,2,B
4138,88,1,B
4139,88,5,B
4140,88,2,B
4141,88,5,B
4142,87,5,S
4143,88,3,B
4144,88,3,B
4145,88,2,B
4146,88,1,B
4147,87,5,S
4148,87,3,B
4149,87,6,S
4150,86,1,S
4151,86,5,S
4152,86,2,S
4153,86,4,S
4154,88,2,B
4155,88,2,B
4156,88,1,B
4157,87,4,S
4158,87,2,S
4159,87,1,S
4160,87,2,S
4161,87,2,S
4162,87,3,S
4163,87,1,S
4164,87,2,S
4165,87,2,S
4166,88,8,B
4167,88,1,B
4168,87,1,B
4169,88,4,B
4170,87,5,B
4171,88,2,B
4172,87,4,S
4173,87,1,S
4174,86,5,S
4175,86,6,S
4176,85,4,S
4177,85,1,S
4178,85,1,S
4179,85,4,S
4180,85,4,S
4181,85,4,S
4182,85,2,S
4183,84,5,S
4184,84,2,S
4185,85,2,B
4186,85,2,B
4187,85,5,B
4188,84,2,S
4189,85,5,B
4190,85,2,B
4191,85,1,B
4192,84,4,S
4193,84,1,S
4194,85,5,B
4195,85,5,S
4196,84,4,S
4197,84,4,S
4198,84,7,S
4199,84,2,S
4200,86,3,B
4201,87,5,B
4202,87,3,B
4203,86,2,S
4204,87,1,B
4205,87,2,S
4206,86,1,S
4207,86,2,S
4208,87,5,B
4209,86,2,S
4210,86,3,S
4211,86,1,S
4212,87,2,B
4213,87,7,B
4214,87,3,B
4215,86,2,S
4216,86,4,S
4217,86,1,S
4218,86,1,S
4219,87,1,B
4220,87,6,B
4221,87,1,B
4222,87,1,B
4223,87,1,S
4224,86,6,S
4225,86,1,B
4226,87,5,B
4227,87,5,B
4228,87,1,S
4229,87,2,S
4230,87,1,S
4231,86,1,S
4232,86,4,S
4233,86,4,S
4234,86,3,S
4235,86,2,S
4236,86,3,S
4237,85,3,S
4238,85,1,S
4239,85,1,S
4240,86,2,B
4241,86,2,B
4242,88,3,B
4243,88,6,B
4244,88,1,B
4245,88,1,B
4246,88,3,B
4247,88,4,B
4248,88,1,B
4249,86,4,S
4250,87,1,B
4251,88,3,B
4252,88,3,B
4253,88,2,B
4254,86,1,S
4255,86,4,S
4256,86,2,S
4257,85,3,S
4258,87,4,B
4259,88,4,B
4260,85,2,S
4261,85,8,S
4262,85,1,S
4263,85,3,S
4264,86,4,B
4265,85,2,S
4266,85,1,S
4267,85,1,S
4268,86,4,B
4269,86,5,B
4270,88,4,B
4271,88,6,B
4272,85,3,S
4273,85,7,S
4274,88,3,B
4275,88,2,B
4276,88,8,B
4277,85,6,S
4278,85,3,S
4279,85,6,S
4280,85,4,S
4281,85,1,S
4282,85,7,S
4283,85,2,S
4284,85,5,S
4285,85,1,S
4286,86,1,B
4287,87,6,B
4288,86,3,S
4289,86,2,S
4290,86,3,S
4291,86,4,B
4292,87,3,B
4293,87,1,B
4294,85,7,S
4295,85,1,S
4296,85,9,S
4297,84,1,S
4298,84,3,S
4299,84,6,S
4300,84,6,S
4301,86,5,B
4302,84,5,S
4303,84,3,S
4304,86,2,B
4305,86,1,S
4306,84,3,S
4307,84,4,S
4308,84,5,S
4309,84,1,S
4310,84,2,S
4311,84,2,S
4312,84,4,S
4313,86,2,B
4314,84,1,S
4315,84,9,S
4316,84,6,S
4317,84,2,S
4318,84,5,S
4319,85,1,B
4320,84,5,S
4321,85,5,B
4322,86,2,B
4323,84,2,S
4324,84,3,S
4325,84,4,S
4326,84,3,S
4327,85,5,B
4328,85,1,S
4329,85,5,S
4330,85,2,S
4331,84,2,S
4332,84,1,S
4333,85,6,S
4334,85,4,S
4335,84,1,S
4336,84,4,S
4337,84,1,S
4338,84,5,S
4339,84,1,S
4340,83,3,S
4341,84,4,B
4342,84,2,B
4343,83,2,S
4344,83,3,S
4345,84,2,B
4346,85,2,B
4347,85,1,B
4348,86,1,B
4349,87,3,B
4350,87,4,S
4351,86,3,S
4352,86,1,S
4353,86,7,S
4354,88,4,B
4355,87,1,S
4356,87,1,S
4357,87,2,S
4358,87,5,S
4359,88,4,B
4360,87,4,S
4361,87,4,S
4362,87,4,S
4363,87,4,S
4364,87,2,S
4365,88,1,B
4366,88,1,B
4367,88,3,B
4368,88,1,B
4369,88,3,B
4370,87,4,S
4371,88,1,B
4372,88,3,B
4373,87,9,S
4374,87,1,S
4375,88,7,B
4376,88,1,B
4377,87,2,S
4378,88,6,B
4379,87,1,S
4380,87,3,S
4381,87,1,S
4382,87,3,S
4383,88,3,B
4384,88,4,B
4385,87,4,S
4386,87,4,S
4387,88,5,B
4388,88,1,B
4389,88,5,B
4390,88,2,B
4391,86,2,S
4392,86,1,S
4393,86,4,S
4394,86,3,S
4395,87,1,B
4396,87,3,S
4397,86,6,S
4398,86,4,S
4399,86,2,S
4400,87,3,B
4401,87,5,B
4402,86,8,S
4403,86,6,S
4404,86,2,S
4405,87,2,B
4406,87,1,B
4407,87,1,S
4408,87,2,S
4409,87,3,S
4410,87,2,S
4411,87,4,S
4412,86,1,S
4413,86,2,S
4414,88,2,B
4415,88,3,B
4416,86,4,S
4417,86,3,S
4418,86,5,S
4419,86,1,S
4420,85,4,S
4421,85,1,S
4422,85,1,S
4423,86,4,B
4424,86,1,B
4425,85,4,S
4426,85,1,S
4427,86,2,B
4428,86,4,B
4429,85,5,S
4430,85,1,S
4431,85,4,S
4432,85,3,S
4433,85,7,S
4434,86,3,B
4435,86,2,B
4436,86,2,B
4437,84,1,S
4438,84,3,S
4439,86,1,B
4440,87,3,S
4441,86,3,S
4442,85,1,S
4443,85,1,B
4444,85,4,S
4445,87,3,B
4446,88,2,B
4447,87,1,B
4448,85,2,S
4449,84,1,S
4450,84,3,S
4451,84,4,S
4452,84,4,S
4453,83,2,S
4454,83,1,S
4455,84,5,B
4456,83,1,S
4457,83,1,S
4458,83,4,S
4459,84,3,B
4460,83,1,S
4461,83,3,S
4462,83,1,S
4463,83,7,S
4464,83,2,S
4465,83,5,S
4466,83,1,S
4467,83,1,S
4468,83,2,S
4469,84,1,B
4470,84,4,B
4471,84,1,B
4472,84,9,B
4473,84,1,B
4474,84,3,S
4475,85,9,B
4476,84,6,S
4477,84,2,B
4478,84,7,S
4479,83,1,S
4480,85,1,B
4481,85,4,B
4482,83,1,S
4483,83,1,S
4484,83,8,S
4485,83,2,S
4486,83,1,S
4487,84,4,B
4488,84,5,B
4489,84,4,B
4490,83,2,S
4491,83,2,S
4492,83,1,S
4493,83,1,S
4494,83,5,S
4495,83,1,S
4496,83,4,S
4497,83,9,S
4498,84,3,B
4499,84,6,B
4500,85,1,B
4501,85,1,B
4502,85,4,B
4503,85,1,B
4504,85,1,B
4505,85,3,B
4506,85,3,B
4507,85,2,B
4508,85,4,B
4509,84,2,S
4510,85,1,B
4511,85,4,B
4512,85,4,B
4513,84,1,S
4514,85,1,B
4515,85,5,B
4516,86,8,B
4517,85,4,S
4518,85,1,B
4519,85,7,B
4520,86,9,B
4521,86,1,B
4522,85,1,S
4523,86,1,B
4524,86,2,B
4525,85,1,S
4526,85,5,S
4527,85,4,B
4528,85,3,S
4529,84,2,S
4530,86,6,B
4531,86,3,B
4532,85,3,B
4533,85,3,S
4534,84,3,S
4535,86,3,B
4536,86,2,B
4537,86,2,B
4538,84,8,S
4539,84,1,S
4540,84,2,S
4541,83,1,S
4542,85,6,B
4543,86,3,B
4544,83,3,S
4545,86,3,B
4546,86,4,B
4547,84,1,S
4548,86,1,B
4549,86,3,B
4550,85,1,S
4551,85,7,S
4552,84,1,S
4553,86,3,B
4554,86,5,B
4555,84,7,S
4556,84,2,S
4557,85,4,B
4558,86,4,B
4559,85,2,S
4560,86,6,B
4561,86,3,B
4562,86,1,B
4563,86,2,B
4564,86,1,B
4565,86,3,B
4566,85,3,S
4567,85,6,S
4568,86,2,B
4569,86,4,B
4570,86,4,B
4571,86,6,B
4572,85,4,S
4573,84,2,S
4574,84,2,S
4575,86,3,B
4576,86,3,B
4577,84,2,S
4578,84,2,B
4579,84,2,B
4580,84,1,B
4581,83,3,S
4582,83,2,S
4583,84,8,B
4584,83,6,S
4585,83,6,S
4586,83,3,S
4587,84,3,B
4588,83,4,S
4589,83,1,S
4590,83,4,S
4591,83,2,S
4592,83,3,S
4593,83,2,S
4594,84,4,B
4595,83,2,S
4596,83,4,S
4597,84,3,B
4598,84,7,B
4599,83,1,S
4600,83,4,S
4601,83,4,S
4602,83,4,S
4603,83,6,S
4604,83,3,S
4605,84,3,B
4606,84,3,B
4607,83,3,S
4608,83,5,S
4609,83,1,S
4610,84,7,B
4611,84,2,S
4612,83,4,S
4613,83,2,S
4614,83,1,S
4615,83,4,S
4616,85,7,B
4617,85,2,B
4618,83,1,S
4619,83,4,S
4620,82,1,S
4621,84,2,B
4622,84,2,B
4623,85,2,B
4624,85,1,B
4625,85,3,B
4626,83,6,S
4627,84,1,B
4628,84,6,B
4629,84,3,B
4630,84,6,B
4631,84,2,B
4632,83,4,S
4633,83,2,S
4634,83,7,S
4635,84,2,B
4636,82,1,S
4637,84,4,B
4638,84,4,B
4639,85,2,B
4640,85,3,B
4641,82,4,S
4642,82,3,S
4643,82,7,S
4644,82,3,S
4645,84,2,B
4646,85,2,B
4647,84,4,S
4648,83,7,S
4649,82,1,S
4650,82,6,S
4651,82,1,S
4652,82,5,S
4653,83,3,B
4654,84,3,B
4655,85,3,B
4656,85,7,B
4657,85,3,B
4658,85,5,B
4659,85,2,B
4660,84,3,S
4661,85,1,B
4662,85,4,B
4663,82,5,S
4664,82,1,S
4665,82,3,S
4666,85,2,B
4667,85,3,B
4668,84,1,S
4669,83,3,S
4670,83,3,S
4671,83,4,S
4672,83,1,S
4673,82,5,S
4674,82,5,S
4675,82,4,S
4676,83,3,B
4677,83,4,B
4678,84,4,B
4679,82,4,S
4680,82,4,S
4681,84,2,B
4682,82,1,S
4683,83,9,S
4684,83,1,S
4685,83,2,S
4686,83,2,S
4687,82,1,S
4688,82,2,S
4689,85,6,B
4690,82,1,S
4691,82,2,S
4692,82,2,S
4693,85,1,B
4694,85,8,B
4695,82,2,S
4696,82,5,S
4697,84,3,B
4698,85,2,B
4699,85,4,B
4700,85,4,B
4701,85,5,B
4702,83,9,S
4703,83,4,S
4704,84,6,B
4705,83,3,S
4706,83,2,S
4707,84,1,B
4708,84,1,B
4709,84,2,B
4710,83,1,S
4711,83,6,S
4712,83,1,S
4713,83,6,S
4714,83,1,S
4715,83,2,S
4716,82,4,S
4717,82,1,S
4718,82,4,S
4719,82,2,S
4720,83,9,S
4721,82,1,S
4722,84,4,B
4723,82,2,S
4724,82,1,S
4725,82,2,S
4726,82,9,S
4727,82,6,S
4728,82,4,S
4729,82,1,S
4730,82,1,S
4731,82,1,S
4732,82,6,S
4733,82,2,S
4734,82,5,S
4735,82,1,S
4736,83,6,B
4737,83,1,B
4738,82,2,S
4739,82,1,S
4740,83,4,B
4741,82,6,S
4742,82,2,S
4743,82,2,S
4744,83,2,B
4745,82,2,S
4746,82,2,S
4747,82,2,S
4748,82,6,S
4749,82,3,S
4750,82,5,S
4751,82,1,S
4752,82,1,S
4753,82,1,S
4754,82,6,S
4755,82,4,S
4756,82,3,S
4757,82,4,S
4758,82,2,S
4759,82,6,S
4760,82,2,S
4761,83,3,B
4762,83,5,B
4763,84,2,B
4764,84,3,B
4765,82,2,S
4766,82,5,S
4767,82,1,S
4768,83,6,S
4769,82,4,S
4770,84,2,B
4771,84,2,B
4772,83,2,S
4773,82,5,S
4774,82,2,S
4775,82,5,S
4776,82,1,S
4777,84,9,B
4778,84,1,B
4779,84,1,B
4780,84,7,B
4781,84,3,B
4782,83,3,S
4783,82,2,S
4784,82,2,S
4785,84,1,B
4786,82,6,S
4787,84,1,B
4788,82,2,S
4789,82,9,S
4790,82,1,S
4791,82,1,S
4792,82,4,S
4793,82,4,S
4794,82,4,S
4795,82,2,S
4796,82,4,S
4797,82,3,S
4798,82,4,S
4799,83,2,B
4800,82,2,S
4801,82,2,S
4802,83,2,B
4803,83,2,B
4804,82,4,S
4805,82,1,S
4806,83,1,B
4807,82,6,S
4808,83,5,B
4809,83,3,B
4810,82,1,S
4811,82,4,S
4812,82,3,S
4813,82,2,S
4814,83,3,B
4815,83,5,B
4816,83,1,B
4817,83,3,B
4818,83,6,B
4819,83,1,B
4820,83,1,B
4821,83,4,B
4822,83,3,B
4823,82,3,S
4824,82,6,S
4825,82,5,S
4826,83,6,B
4827,83,3,S
4828,83,3,S
4829,83,1,S
4830,83,5,S
4831,83,1,S
4832,84,4,B
4833,83,2,S
4834,82,1,S
4835,82,6,S
4836,82,2,S
4837,82,4,S
4838,82,2,S
4839,82,4,S
4840,82,1,S
4841,82,4,S
4842,82,4,S
4843,82,6,S
4844,82,1,S
4845,82,4,S
4846,84,1,B
4847,84,3,B
4848,83,2,S
4849,83,1,S
4850,83,8,S
4851,82,1,S
4852,84,7,B
4853,84,3,B
4854,83,1,B
4855,83,1,S
4856,83,1,S
4857,82,3,S
4858,82,2,S
4859,83,1,B
4860,84,2,B
4861,83,3,S
4862,83,5,S
4863,83,1,B
4864,83,1,S
4865,82,2,S
4866,82,5,S
4867,82,1,S
4868,82,1,S
4869,82,2,S
4870,82,1,S
4871,83,2,B
4872,84,1,B
4873,84,4,B
4874,84,1,B
4875,84,9,B
4876,83,4,S
4877,83,6,S
4878,83,3,S
4879,83,2,S
4880,82,5,S
4881,82,1,S
4882,83,1,B
4883,82,1,S
4884,82,5,S
4885,83,3,B
4886,83,1,B
4887,82,2,S
4888,83,2,B
4889,84,9,B
4890,84,1,B
4891,83,3,S
4892,83,2,S
4893,82,1,S
4894,82,5,S
4895,84,7,B
4896,84,3,B
4897,83,4,S
4898,82,3,S
4899,82,1,S
4900,82,2,S
4901,82,2,S
4902,82,4,S
4903,82,5,S
4904,82,4,S
4905,82,2,S
4906,82,2,S
4907,82,1,S
4908,82,6,S
4909,82,1,S
4910,82,3,S
4911,83,6,B
4912,84,5,B
4913,84,4,B
4914,84,5,B
4915,84,2,B
4916,84,4,B
4917,84,3,B
4918,82,6,S
4919,82,4,S
4920,82,2,S
4921,82,3,S
4922,82,6,S
4923,82,1,S
4924,82,3,S
4925,82,4,S
4926,82,2,S
4927,82,4,S
4928,82,1,S
4929,82,6,S
4930,82,3,S
4931,82,5,S
4932,82,1,S
4933,81,1,S
4934,81,1,S
4935,81,5,S
4936,81,2,S
4937,81,1,S
4938,81,1,S
4939,82,2,B
4940,81,1,S
4941,81,1,S
4942,81,6,S
4943,82,2,B
4944,83,3,B
4945,83,5,B
4946,82,2,B
4947,83,1,B
4948,83,1,B
4949,83,2,B
4950,83,7,B
4951,82,2,S
4952,81,2,S
4953,81,3,S
4954,81,3,S
4955,83,2,B
4956,83,1,B
4957,83,1,B
4958,84,1,B
4959,84,5,B
4960,82,7,S
4961,83,5,B
4962,82,1,S
4963,82,2,S
4964,82,7,S
4965,82,2,S
4966,82,5,S
4967,82,4,S
4968,82,4,B
4969,81,6,S
4970,81,1,S
4971,81,3,S
4972,81,1,S
4973,81,6,S
4974,81,1,S
4975,81,7,S
4976,81,1,S
4977,81,2,S
4978,82,2,B
4979,83,2,B
4980,83,5,B
4981,83,1,B
4982,83,5,B
4983,83,1,B
4984,83,7,B
4985,83,2,S
4986,82,6,S
4987,81,1,S
4988,81,5,S
4989,82,1,B
4990,83,4,B
4991,82,4,S
4992,81,2,S
4993,81,1,S
4994,81,5,S
4995,81,5,S
4996,81,1,S
4997,81,4,S
4998,81,5,S
4999,83,5,B
5000,83,2,B
5001,83,1,B
5002,83,3,B
5003,82,3,S
5004,81,1,S
5005,81,3,S
5006,81,5,S
5007,81,2,S
5008,83,3,B
5009,83,7,B
5010,82,1,S
5011,82,3,S
5012,81,2,S
5013,81,2,S
5014,81,5,S
5015,81,1,S
5016,81,1,S
5017,81,1,S
5018,81,1,S
5019,81,6,S
5020,81,2,S
5021,81,2,S
5022,81,1,S
5023,82,3,B
5024,82,2,B
5025,82,1,B
5026,81,3,S
5027,82,2,B
5028,82,3,B
5029,82,1,B
5030,81,5,S
5031,81,1,S
5032,81,7,S
5033,81,1,S
5034,82,5,B
5035,81,7,S
5036,81,2,S
5037,81,2,S
5038,81,4,S
5039,82,2,B
5040,82,7,B
5041,81,4,S
5042,81,1,S
5043,81,4,S
5044,81,3,S
5045,81,1,S
5046,81,1,S
5047,81,4,S
5048,81,3,S
5049,82,1,B
5050,82,1,B
5051,82,1,B
5052,82,2,B
5053,82,2,B
5054,82,2,B
5055,81,2,S
5056,81,3,S
5057,81,3,S
5058,81,6,S
5059,81,9,S
5060,81,1,S
5061,81,2,S
5062,82,7,B
5063,81,3,S
5064,81,2,S
5065,81,4,S
5066,81,1,S
5067,82,7,B
5068,81,4,S
5069,81,6,S
5070,81,1,S
5071,81,1,S
5072,81,1,S
5073,81,2,S
5074,81,6,S
5075,81,3,S
5076,81,6,S
5077,81,1,S
5078,82,1,B
5079,82,1,B
5080,81,4,S
5081,82,1,B
5082,82,4,B
5083,83,3,B
5084,83,5,B
5085,82,2,S
5086,82,2,S
5087,81,1,S
5088,81,2,S
5089,81,2,S
5090,82,6,S
5091,82,2,S
5092,81,1,S
5093,81,2,S
5094,82,5,B
5095,82,2,S
5096,81,6,S
5097,81,1,S
5098,81,3,S
5099,83,1,B
5100,82,7,S
5101,81,2,S
5102,81,2,S
5103,82,1,B
5104,82,7,B
5105,83,1,B
5106,83,5,B
5107,83,2,B
5108,81,2,S
5109,83,1,B
5110,83,3,B
5111,82,5,S
5112,81,1,S
5113,81,1,S
5114,80,1,S
5115,80,8,S
5116,82,6,S
5117,83,4,B
5118,83,6,B
5119,82,1,S
5120,82,1,S
5121,82,1,S
5122,82,7,S
5123,82,5,S
5124,82,4,S
5125,82,3,S
5126,81,5,S
5127,81,2,S
5128,81,1,S
5129,81,6,S
5130,83,2,B
5131,83,2,B
5132,83,6,B
5133,81,4,S
5134,81,1,S
5135,81,3,S
5136,80,1,S
5137,80,3,S
5138,80,1,S
5139,80,3,S
5140,80,1,S
5141,80,1,S
5142,80,4,S
5143,80,1,S
5144,80,1,S
5145,80,9,S
5146,80,3,S
5147,81,4,B
5148,81,4,B
5149,81,3,B
5150,80,2,S
5151,80,2,S
5152,80,6,S
5153,80,4,S
5154,80,1,S
5155,80,3,S
5156,80,4,S
5157,80,5,S
5158,80,1,S
5159,81,3,B
5160,81,3,B
5161,81,3,B
5162,81,3,B
5163,80,7,S
5164,80,3,S
5165,80,5,S
5166,80,2,S
5167,81,3,B
5168,81,1,B
5169,82,4,B
5170,81,6,S
5171,81,3,S
5172,80,2,S
5173,80,5,S
5174,81,5,B
5175,81,2,S
5176,80,5,S
5177,80,5,S
5178,80,5,S
5179,80,1,S
5180,80,4,S
5181,81,7,B
5182,81,1,B
5183,81,2,B
5184,82,2,B
5185,82,5,B
5186,82,2,B
5187,82,2,B
5188,81,2,S
5189,82,2,B
5190,81,3,S
5191,81,2,S
5192,80,1,S
5193,80,8,S
5194,81,6,B
5195,80,1,S
5196,80,2,S
5197,80,6,S
5198,80,2,S
5199,80,2,S
5200,80,2,S
5201,81,2,B
5202,83,1,B
5203,83,3,B
5204,83,7,B
5205,82,4,S
5206,82,5,S
5207,82,2,S
5208,83,1,B
5209,82,3,S
5210,82,4,S
5211,83,1,B
5212,83,2,B
5213,83,3,B
5214,82,2,S
5215,82,3,S
5216,82,6,S
5217,82,5,S
5218,83,7,B
5219,83,3,B
5220,82,1,S
5221,82,9,S
5222,81,1,S
5223,82,4,S
5224,81,1,S
5225,83,6,B
5226,83,3,B
5227,82,2,B
5228,83,1,B
5229,83,7,B
5230,81,3,S
5231,81,1,S
5232,82,2,B
5233,83,4,B
5234,83,2,B
5235,83,1,B
5236,81,2,S
5237,82,8,B
5238,81,7,S
5239,81,1,S
5240,81,2,S
5241,81,2,S
5242,81,1,S
5243,82,2,B
5244,82,2,B
5245,83,1,B
5246,81,2,S
5247,81,1,S
5248,82,2,B
5249,81,7,S
5250,81,3,S
5251,81,3,S
5252,82,1,B
5253,83,1,B
5254,83,2,B
5255,83,4,B
5256,83,1,B
5257,82,1,S
5258,82,8,S
5259,83,3,B
5260,83,3,B
5261,81,4,S
5262,81,1,S
5263,82,5,B
5264,82,5,B
5265,83,3,B
5266,83,1,B
5267,83,3,B
5268,84,2,B
5269,84,1,B
5270,84,7,B
5271,84,1,B
5272,83,1,S
5273,83,2,S
5274,83,2,B
5275,82,1,S
5276,82,2,S
5277,82,1,S
5278,81,4,S
5279,81,3,S
5280,82,1,S
5281,81,3,S
5282,81,3,S
5283,81,2,S
5284,81,2,S
5285,81,6,S
5286,81,1,S
5287,80,1,S
5288,80,4,S
5289,80,6,S
5290,82,4,B
5291,82,4,B
5292,82,5,B
5293,82,4,B
5294,82,6,B
5295,80,3,S
5296,83,1,B
5297,83,6,B
5298,82,3,S
5299,82,3,S
5300,82,7,S
5301,82,3,B
5302,82,4,S
5303,82,3,S
5304,81,2,S
5305,81,3,S
5306,81,4,S
5307,81,1,S
5308,81,2,S
5309,81,5,S
5310,81,1,S
5311,80,1,S
5312,80,2,S
5313,80,3,S
5314,80,7,S
5315,80,1,S
5316,80,1,S
5317,80,1,S
5318,80,2,S
5319,80,3,S
5320,82,1,B
5321,82,2,B
5322,83,3,B
5323,83,4,B
5324,80,2,S
5325,80,1,S
5326,80,6,S
5327,83,4,B
5328,82,4,S
5329,83,2,B
5330,83,6,B
5331,83,4,B
5332,83,1,B
5333,82,1,S
5334,82,2,S
5335,82,3,S
5336,82,7,S
5337,81,1,S
5338,82,8,S
5339,82,8,B
5340,81,5,S
5341,81,1,S
5342,81,2,S
5343,81,1,S
5344,81,6,S
5345,81,2,S
5346,81,4,S
5347,80,3,S
5348,80,3,S
5349,80,2,S
5350,82,2,B
5351,82,4,B
5352,80,2,S
5353,80,2,S
5354,80,3,S
5355,80,4,S
5356,80,2,S
5357,81,4,B
5358,80,4,S
5359,80,1,S
5360,80,3,S
5361,80,2,S
5362,80,1,S
5363,80,2,S
5364,80,1,S
5365,80,6,S
5366,80,5,S
5367,80,2,S
5368,81,1,B
5369,80,2,S
5370,80,6,S
5371,80,1,S
5372,80,3,S
5373,81,2,B
5374,81,3,B
5375,80,1,S
5376,80,2,S
5377,80,3,S
5378,80,6,S
5379,80,4,S
5380,81,4,B
5381,81,1,B
5382,80,10,S
5383,80,4,S
5384,82,3,B
5385,82,5,B
5386,82,1,B
5387,80,1,S
5388,80,1,S
5389,82,6,B
5390,81,4,S
5391,82,5,B
5392,82,3,B
5393,82,1,B
5394,81,2,S
5395,80,3,S
5396,80,1,S
5397,80,2,S
5398,80,5,S
5399,80,1,S
5400,80,1,S
5401,80,7,S
5402,81,6,B
5403,81,1,B
5404,82,6,B
5405,82,9,B
5406,82,9,B
5407,81,1,S
5408,82,1,B
5409,82,4,B
5410,82,4,B
5411,82,5,S
5412,81,1,S
5413,81,2,S
5414,83,4,B
5415,83,1,B
5416,81,3,S
5417,81,2,S
5418,81,4,S
5419,83,1,B
5420,82,5,S
5421,82,2,S
5422,82,6,S
5423,82,3,S
5424,82,1,S
5425,82,2,S
5426,82,7,B
5427,82,2,B
5428,82,6,B
5429,81,1,S
5430,81,4,S
5431,80,1,S
5432,80,5,S
5433,80,3,S
5434,83,1,B
5435,82,2,S
5436,82,3,S
5437,80,2,S
5438,82,7,S
5439,83,1,B
5440,83,7,B
5441,83,9,B
5442,82,1,S
5443,82,6,S
5444,82,4,S
5445,82,1,S
5446,82,6,S
5447,82,3,S
5448,82,2,S
5449,80,5,S
5450,80,3,S
5451,81,6,B
5452,81,2,B
5453,81,5,B
5454,82,1,B
5455,81,3,B
5456,80,3,S
5457,81,1,B
5458,82,1,B
5459,82,3,B
5460,82,7,B
5461,82,1,B
5462,82,2,B
5463,81,6,S
5464,83,5,B
5465,83,4,B
5466,83,1,B
5467,82,5,S
5468,81,3,S
5469,81,1,S
5470,81,8,S
5471,81,2,S
5472,81,5,S
5473,80,1,S
5474,82,2,B
5475,82,1,B
5476,83,2,B
5477,83,3,B
5478,83,2,B
5479,80,2,S
5480,80,6,S
5481,80,3,S
5482,81,2,B
5483,82,2,B
5484,82,4,S
5485,80,3,S
5486,80,3,S
5487,83,7,B
5488,82,3,S
5489,83,1,B
5490,82,6,S
5491,81,4,S
5492,83,1,B
5493,83,1,B
5494,83,3,B
5495,82,5,S
5496,82,1,B
5497,82,2,S
5498,82,3,S
5499,81,2,S
5500,83,2,B
5501,83,5,B
5502,81,4,S
5503,81,6,S
5504,81,5,S
5505,81,2,S
5506,81,1,S
5507,81,2,S
5508,82,3,B
5509,82,4,B
5510,81,4,S
5511,81,1,S
5512,81,3,S
5513,81,2,S
5514,81,7,S
5515,82,5,B
5516,83,2,B
5517,82,1,S
5518,83,1,B
5519,82,2,S
5520,83,1,B
5521,82,4,S
5522,83,3,B
5523,82,3,S
5524,82,2,S
5525,82,4,S
5526,82,2,S
5527,82,4,S
5528,81,3,B
5529,82,5,S
5530,80,2,S
5531,80,3,S
5532,80,2,S
5533,82,5,B
5534,83,2,B
5535,83,3,B
5536,80,4,S
5537,80,2,S
5538,81,1,B
5539,82,9,B
5540,82,4,B
5541,82,1,S
5542,80,7,S
5543,83,6,B
5544,82,8,B
5545,82,2,B
5546,83,3,B
5547,81,1,S
5548,83,6,B
5549,83,1,B
5550,83,8,B
5551,81,4,S
5552,80,3,S
5553,81,2,B
5554,80,1,S
5555,80,5,S
5556,80,2,S
5557,80,3,S
5558,80,1,S
5559,80,4,S
5560,80,6,S
5561,81,1,B
5562,81,6,B
5563,80,4,S
5564,80,1,S
5565,80,3,S
5566,79,6,S
5567,79,8,S
5568,79,2,S
5569,79,2,S
5570,79,3,S
5571,79,3,S
5572,82,9,B
5573,81,3,S
5574,81,4,S
5575,82,1,B
5576,83,5,B
5577,83,3,B
5578,83,1,B
5579,81,2,S
5580,81,6,S
5581,82,8,S
5582,82,1,S
5583,81,1,S
5584,79,4,S
5585,79,3,S
5586,79,2,S
5587,79,1,S
5588,79,6,S
5589,80,1,B
5590,80,8,S
5591,80,1,S
5592,79,4,S
5593,81,1,B
5594,81,7,B
5595,79,2,S
5596,79,7,S
5597,79,3,S
5598,79,1,S
5599,79,1,S
5600,80,3,B
5601,80,6,B
5602,81,1,B
5603,81,4,B
5604,80,3,S
5605,79,2,S
5606,79,4,S
5607,80,3,S
5608,80,6,S
5609,80,2,S
5610,80,2,B
5611,80,2,B
5612,80,5,B
5613,81,1,B
5614,79,2,S
5615,79,5,S
5616,79,4,S
5617,79,3,S
5618,79,4,S
5619,79,2,S
5620,79,6,S
5621,79,1,S
5622,79,3,S
5623,79,1,S
5624,79,2,S
5625,79,2,S
5626,80,4,B
5627,79,4,S
5628,79,6,S
5629,80,5,B
5630,80,3,B
5631,80,2,B
5632,79,2,S
5633,79,1,S
5634,79,1,S
5635,80,4,B
5636,79,5,S
5637,79,3,S
5638,79,1,S
5639,79,2,S
5640,79,2,S
5641,79,1,S
5642,80,2,B
5643,80,3,S
5644,80,2,S
5645,80,2,S
5646,80,6,S
5647,81,1,B
5648,81,4,B
5649,81,1,B
5650,81,1,B
5651,81,5,B
5652,81,3,B
5653,80,1,S
5654,79,7,S
5655,79,6,S
5656,79,1,S
5657,79,2,S
5658,79,2,S
5659,79,2,S
5660,80,1,B
5661,79,3,S
5662,79,3,S
5663,80,1,B
5664,81,2,B
5665,79,7,S
5666,80,4,S
5667,81,6,B
5668,81,2,B
5669,80,5,S
5670,79,2,S
5671,81,2,B
5672,79,6,S
5673,79,2,S
5674,79,2,S
5675,80,7,B
5676,81,1,B
5677,81,5,B
5678,81,4,B
5679,79,1,S
5680,79,2,S
5681,81,3,B
5682,81,3,B
5683,81,5,B
5684,81,4,B
5685,81,1,B
5686,80,2,S
5687,79,4,S
5688,79,3,S
5689,80,1,B
5690,81,1,B
5691,81,1,B
5692,81,1,B
5693,79,3,S
5694,79,4,S
5695,81,8,B
5696,82,2,B
5697,82,5,B
5698,81,7,B
5699,81,3,B
5700,82,1,B
5701,82,1,B
5702,82,7,B
5703,82,1,B
5704,80,3,S
5705,80,6,S
5706,82,7,B
5707,82,2,B
5708,82,2,B
5709,83,1,B
5710,83,5,B
5711,83,2,B
5712,83,3,B
5713,83,2,B
5714,83,2,B
5715,82,2,S
5716,82,3,S
5717,82,1,S
5718,81,1,S
5719,80,3,S
5720,80,3,S
5721,80,4,S
5722,81,6,S
5723,82,2,B
5724,82,1,B
5725,82,5,B
5726,82,1,B
5727,81,3,S
5728,81,2,S
5729,80,4,S
5730,80,1,S
5731,82,5,B
5732,81,9,S
5733,80,6,S
5734,79,2,S
5735,82,1,B
5736,82,5,B
5737,82,6,B
5738,81,1,S
5739,80,1,S
5740,82,1,B
5741,82,1,B
5742,80,2,S
5743,80,5,S
5744,79,1,S
5745,79,2,S
5746,79,3,S
5747,79,4,S
5748,81,4,B
5749,81,2,B
5750,82,8,B
5751,81,1,S
5752,80,1,S
5753,82,1,B
5754,82,3,B
5755,80,8,S
5756,80,2,S
5757,81,5,B
5758,81,2,B
5759,81,2,S
5760,80,5,S
5761,79,3,S
5762,82,4,B
5763,82,1,B
5764,82,3,B
5765,83,3,B
5766,81,1,S
5767,80,1,S
5768,80,2,S
5769,80,1,S
5770,79,3,S
5771,79,5,S
5772,79,1,S
5773,79,1,S
5774,80,3,B
5775,80,2,S
5776,80,3,S
5777,79,7,S
5778,79,2,S
5779,79,2,S
5780,79,8,S
5781,81,7,B
5782,79,4,S
5783,79,6,S
5784,81,2,B
5785,81,6,B
5786,79,1,S
5787,79,4,S
5788,79,4,S
5789,79,4,S
5790,79,1,S
5791,79,3,S
5792,81,2,B
5793,81,1,B
5794,79,4,S
5795,80,8,B
5796,80,1,B
5797,80,1,S
5798,79,5,S
5799,81,2,B
5800,81,1,B
5801,81,2,B
5802,81,2,B
5803,81,1,B
5804,82,4,B
5805,82,1,B
5806,82,1,B
5807,80,9,S
5808,80,6,S
5809,80,4,S
5810,79,1,S
5811,79,4,S
5812,79,6,S
5813,81,8,B
5814,81,2,B
5815,79,1,S
5816,81,4,B
5817,80,3,S
5818,80,7,S
5819,81,1,B
5820,81,4,B
5821,81,1,B
5822,81,7,S
5823,82,5,B
5824,80,5,S
5825,80,1,S
5826,82,2,B
5827,82,2,B
5828,82,2,B
5829,80,2,S
5830,80,1,S
5831,81,1,B
5832,81,6,B
5833,81,1,B
5834,82,3,B
5835,82,4,B
5836,80,5,S
5837,80,1,S
5838,79,3,S
5839,79,1,S
5840,81,3,B
5841,81,1,B
5842,82,2,B
5843,82,1,B
5844,82,2,B
5845,80,7,B
5846,81,2,S
5847,81,4,S
5848,81,1,B
5849,81,1,B
5850,81,2,B
5851,81,5,B
5852,81,3,B
5853,81,3,B
5854,82,3,B
5855,83,1,B
5856,81,3,S
5857,80,2,S
5858,80,1,S
5859,80,4,S
5860,81,7,B
5861,80,6,S
5862,80,1,S
5863,80,6,S
5864,80,1,S
5865,81,2,B
5866,81,1,S
5867,83,3,B
5868,83,4,B
5869,82,9,S
5870,81,1,S
5871,83,1,B
5872,83,2,B
5873,83,7,B
5874,83,1,B
5875,82,5,S
5876,83,2,B
5877,83,7,B
5878,83,1,B
5879,83,8,B
5880,82,1,S
5881,81,1,S
5882,80,3,S
5883,80,1,S
5884,80,5,S
5885,83,5,B
5886,83,3,B
5887,81,4,B
5888,83,6,B
5889,83,4,B
5890,83,2,B
5891,83,7,B
5892,83,1,B
5893,81,5,S
5894,81,2,S
5895,82,1,B
5896,81,8,S
5897,81,1,S
5898,81,3,S
5899,81,1,S
5900,81,2,S
5901,81,7,S
5902,81,2,S
5903,82,3,B
5904,81,8,S
5905,81,2,S
5906,82,1,B
5907,83,9,B
5908,84,3,B
5909,81,6,S
5910,81,1,S
5911,80,3,S
5912,84,3,B
5913,84,6,B
5914,80,10,S
5915,83,3,S
5916,81,5,B
5917,82,5,S
5918,82,1,S
5919,82,4,B
5920,81,2,S
5921,81,3,S
5922,80,2,S
5923,80,1,S
5924,80,5,S
5925,81,1,B
5926,80,1,S
5927,80,8,S
5928,80,1,S
5929,81,3,B
5930,80,2,S
5931,81,1,B
5932,80,1,S
5933,80,5,S
5934,80,2,S
5935,80,5,S
5936,80,2,S
5937,80,2,S
5938,80,4,S
5939,80,2,S
5940,80,6,S
5941,80,2,B
5942,81,3,B
5943,81,5,B
5944,81,4,B
5945,81,2,B
5946,80,3,S
5947,79,2,S
5948,80,3,S
5949,81,7,B
5950,81,1,B
5951,80,6,S
5952,79,2,S
5953,81,6,B
5954,81,4,B
5955,81,4,B
5956,82,1,B
5957,82,4,B
5958,82,5,B
5959,79,6,S
5960,82,1,B
5961,82,3,B
5962,81,3,S
5963,82,3,B
5964,82,4,B
5965,82,2,B
5966,82,3,B
5967,81,4,S
5968,80,3,S
5969,80,2,S
5970,80,2,S
5971,80,1,S
5972,81,2,B
5973,80,4,S
5974,79,1,S
5975,80,5,S
5976,80,2,S
5977,80,2,S
5978,79,1,S
5979,79,5,S
5980,81,2,B
5981,82,2,B
5982,82,1,B
5983,82,4,B
5984,81,2,S
5985,82,2,B
5986,82,3,B
5987,82,4,B
5988,82,5,B
5989,82,2,B
5990,81,1,S
5991,82,5,B
5992,82,4,B
5993,81,1,S
5994,82,2,B
5995,81,2,S
5996,81,7,S
5997,82,4,B
5998,82,3,B
5999,82,5,B
6000,82,3,B
6001,81,3,S
6002,81,1,S
6003,82,5,B
6004,81,4,S
6005,80,2,S
6006,80,1,S
6007,80,2,S
6008,80,5,S
6009,80,7,S
6010,80,2,S
6011,82,1,B
6012,82,2,B
6013,82,6,B
6014,80,4,S
6015,79,1,S
6016,79,1,S
6017,80,2,B
6018,80,2,B
6019,80,4,B
6020,79,1,S
6021,79,6,S
6022,80,2,B
6023,80,4,B
6024,80,2,B
6025,79,1,S
6026,79,3,S
6027,79,2,S
6028,79,1,S
6029,79,1,S
6030,79,6,S
6031,79,2,S
6032,79,8,S
6033,80,6,B
6034,79,1,S
6035,79,7,S
6036,79,3,S
6037,79,2,S
6038,79,3,S
6039,79,3,S
6040,79,3,S
6041,80,2,B
6042,80,1,B
6043,80,2,B
6044,80,2,B
6045,80,4,B
6046,80,1,B
6047,80,2,B
6048,79,4,S
6049,79,1,S
6050,79,1,S
6051,79,3,S
6052,79,1,S
6053,79,2,S
6054,79,1,S
6055,79,3,S
6056,79,4,S
6057,79,2,S
6058,79,1,S
6059,79,1,S
6060,80,5,B
6061,80,1,B
6062,79,4,S
6063,79,9,S
6064,80,7,B
6065,79,1,S
6066,79,2,S
6067,79,1,S
6068,79,1,S
6069,80,1,B
6070,80,3,B
6071,81,3,B
6072,79,2,S
6073,79,4,S
6074,79,4,S
6075,81,4,B
6076,81,3,B
6077,80,4,S
6078,80,1,S
6079,79,2,S
6080,79,1,S
6081,79,7,S
6082,80,4,B
6083,80,2,B
6084,80,5,B
6085,81,1,B
6086,81,1,B
6087,81,1,B
6088,79,2,S
6089,79,3,S
6090,79,3,S
6091,79,2,S
6092,79,4,S
6093,81,1,B
6094,79,4,S
6095,79,4,S
6096,80,8,S
6097,79,1,S
6098,79,6,S
6099,79,1,S
6100,79,3,S
6101,79,4,S
6102,79,4,S
6103,79,1,S
6104,80,1,B
6105,79,1,S
6106,79,2,S
6107,79,5,S
6108,79,1,S
6109,79,8,S
6110,79,2,S
6111,80,1,B
6112,80,1,B
6113,79,3,S
6114,79,2,S
6115,79,8,S
6116,79,2,S
6117,79,7,S
6118,79,6,S
6119,79,4,S
6120,79,2,S
6121,80,2,B
6122,80,8,B
6123,79,6,S
6124,80,2,B
6125,80,3,B
6126,80,3,B
6127,80,1,B
6128,80,1,B
6129,80,3,B
6130,79,1,S
6131,79,3,S
6132,79,5,S
6133,80,5,S
6134,80,2,S
6135,80,3,S
6136,79,3,S
6137,79,1,S
6138,81,5,B
6139,79,2,S
6140,79,2,S
6141,79,2,S
6142,81,8,B
6143,81,1,B
6144,81,1,B
6145,80,6,S
6146,80,2,S
6147,80,1,S
6148,81,1,B
6149,81,5,B
6150,81,1,B
6151,81,1,B
6152,80,2,S
6153,80,4,S
6154,80,1,S
6155,80,4,S
6156,80,5,S
6157,80,4,S
6158,80,2,S
6159,81,5,B
6160,81,2,B
6161,81,6,B
6162,81,4,B
6163,80,2,S
6164,80,1,S
6165,80,1,S
6166,79,3,S
6167,79,5,S
6168,79,1,S
6169,80,5,B
6170,80,1,B
6171,79,1,S
6172,80,7,B
6173,80,3,S
6174,79,2,S
6175,79,5,S
6176,79,2,S
6177,81,4,B
6178,81,1,B
6179,79,1,S
6180,80,4,B
6181,81,4,B
6182,79,2,S
6183,79,1,S
6184,79,8,S
6185,81,4,B
6186,81,4,B
6187,79,2,S
6188,79,4,S
6189,79,1,S
6190,80,4,B
6191,81,1,B
6192,81,1,B
6193,81,3,B
6194,81,1,B
6195,81,1,B
6196,81,3,B
6197,79,8,S
6198,79,5,S
6199,79,5,S
6200,80,4,B
6201,80,1,B
6202,81,7,B
6203,81,2,B
6204,80,3,B
6205,79,3,S
6206,79,1,S
6207,79,1,S
6208,80,1,B
6209,81,3,B
6210,81,1,B
6211,81,1,B
6212,81,3,B
6213,79,6,S
6214,79,3,S
6215,79,1,S
6216,79,2,S
6217,79,4,S
6218,79,1,S
6219,79,2,S
6220,79,1,S
6221,79,7,S
6222,81,1,B
6223,81,2,B
6224,81,1,B
6225,80,3,S
6226,80,1,S
6227,81,2,B
6228,81,3,B
6229,81,2,B
6230,81,2,B
6231,81,6,B
6232,80,1,S
6233,80,2,S
6234,80,2,B
6235,81,2,B
6236,81,4,B
6237,79,1,S
6238,80,2,S
6239,80,4,S
6240,79,1,S
6241,79,2,S
6242,80,6,S
6243,79,2,S
6244,79,1,S
6245,79,3,S
6246,79,3,S
6247,78,3,S
6248,78,7,S
6249,79,3,B
6250,78,2,S
6251,78,1,S
6252,78,1,S
6253,78,3,S
6254,78,1,S
6255,78,1,S
6256,78,3,S
6257,78,1,S
6258,78,5,S
6259,78,2,S
6260,78,2,S
6261,79,1,B
6262,79,4,B
6263,78,5,S
6264,78,1,S
6265,79,6,B
6266,79,1,B
6267,79,2,S
6268,78,1,S
6269,78,1,S
6270,78,1,S
6271,78,2,S
6272,80,8,B
6273,80,1,B
6274,80,1,B
6275,79,1,S
6276,79,3,S
6277,79,2,S
6278,79,5,B
6279,80,1,B
6280,80,1,B
6281,80,1,B
6282,80,7,S
6283,78,2,S
6284,78,1,S
6285,78,4,S
6286,78,3,S
6287,81,8,B
6288,81,9,B
6289,81,1,B
6290,78,2,S
6291,78,3,S
6292,80,3,B
6293,81,4,B
6294,81,3,B
6295,81,2,B
6296,81,8,B
6297,81,1,B
6298,79,5,S
6299,79,3,S
6300,79,3,S
6301,78,1,S
6302,78,3,S
6303,80,6,S
6304,81,5,B
6305,81,5,B
6306,81,4,B
6307,80,3,S
6308,78,5,S
6309,78,3,S
6310,78,2,S
6311,78,2,S
6312,78,2,S
6313,78,8,S
6314,79,3,B
6315,79,3,B
6316,79,4,B
6317,81,1,B
6318,81,1,B
6319,79,3,S
6320,79,3,S
6321,78,2,S
6322,78,3,S
6323,78,1,S
6324,78,4,S
6325,78,1,S
6326,78,1,S
6327,78,8,S
6328,78,1,S
6329,78,6,S
6330,78,1,S
6331,78,2,S
6332,78,2,S
6333,78,4,S
6334,78,6,S
6335,79,3,B
6336,79,1,B
6337,78,2,S
6338,78,1,S
6339,78,2,S
6340,78,6,S
6341,78,3,S
6342,79,6,B
6343,79,1,B
6344,80,7,B
6345,80,1,B
6346,79,3,S
6347,78,2,S
6348,78,4,S
6349,79,6,B
6350,79,4,B
6351,79,6,B
6352,79,6,S
6353,78,3,S
6354,78,2,S
6355,78,4,S
6356,78,3,S
6357,79,4,B
6358,79,5,B
6359,78,4,S
6360,78,1,S
6361,78,2,S
6362,78,7,S
6363,78,1,S
6364,78,1,S
6365,79,5,B
6366,79,3,B
6367,78,1,S
6368,78,3,S
6369,78,6,S
6370,78,1,S
6371,79,5,B
6372,79,3,B
6373,79,6,B
6374,79,1,B
6375,79,5,B
6376,78,2,S
6377,78,1,S
6378,78,5,S
6379,78,1,S
6380,78,1,S
6381,79,1,B
6382,79,2,B
6383,78,3,S
6384,78,1,S
6385,79,3,B
6386,78,4,S
6387,78,4,S
6388,78,2,S
6389,78,5,S
6390,78,4,S
6391,78,3,S
6392,78,4,S
6393,78,3,S
6394,79,4,B
6395,79,5,B
6396,78,1,S
6397,78,2,S
6398,78,7,S
6399,79,5,B
6400,78,5,S
6401,78,5,S
6402,78,7,S
6403,78,1,S
6404,79,5,B
6405,78,3,S
6406,78,1,S
6407,78,3,S
6408,78,1,S
6409,78,7,S
6410,78,4,S
6411,78,2,S
6412,78,5,S
6413,79,5,B
6414,79,2,B
6415,78,4,S
6416,80,2,B
6417,78,4,S
6418,78,4,S
6419,80,7,B
6420,80,1,B
6421,80,4,B
6422,80,3,B
6423,79,1,S
6424,79,7,S
6425,79,1,S
6426,79,1,S
6427,80,8,B
6428,80,2,B
6429,79,4,S
6430,79,1,B
6431,79,1,S
6432,80,2,B
6433,80,5,B
6434,80,3,B
6435,80,1,B
6436,80,4,B
6437,80,4,B
6438,80,1,B
6439,79,4,S
6440,80,2,B
6441,80,6,B
6442,80,5,B
6443,81,1,B
6444,80,2,B
6445,80,2,S
6446,79,3,S
6447,79,5,S
6448,81,5,B
6449,81,2,B
6450,80,6,B
6451,80,3,B
6452,80,1,B
6453,81,4,B
6454,79,1,S
6455,79,3,S
6456,79,6,S
6457,81,1,B
6458,80,1,B
6459,80,4,S
6460,79,2,S
6461,79,1,S
6462,81,2,B
6463,81,1,B
6464,79,8,S
6465,79,6,S
6466,79,2,S
6467,79,2,S
6468,79,7,S
6469,79,1,S
6470,79,8,S
6471,78,2,S
6472,78,1,S
6473,79,1,B
6474,80,5,B
6475,80,2,S
6476,81,1,B
6477,81,1,B
6478,80,1,S
6479,78,2,S
6480,78,7,S
6481,78,1,S
6482,79,6,B
6483,78,2,S
6484,78,5,S
6485,78,1,S
6486,78,2,S
6487,78,4,S
6488,78,2,S
6489,78,2,S
6490,79,2,B
6491,78,4,S
6492,78,4,S
6493,78,1,S
6494,78,5,S
6495,78,1,S
6496,78,1,S
6497,78,2,S
6498,78,1,S
6499,78,1,S
6500,78,3,S
6501,78,2,S
6502,78,3,S
6503,78,4,S
6504,78,7,S
6505,78,10,S
6506,78,4,S
6507,78,1,S
6508,78,1,S
6509,79,1,B
6510,79,3,B
6511,79,1,B
6512,78,5,S
6513,79,8,B
6514,80,1,B
6515,80,3,B
6516,78,2,S
6517,78,2,S
6518,78,3,S
6519,79,7,B
6520,78,5,S
6521,79,1,B
6522,78,2,S
6523,79,1,B
6524,80,3,B
6525,80,3,B
6526,80,5,B
6527,78,2,S
6528,78,3,S
6529,78,3,S
6530,78,1,S
6531,78,1,S
6532,78,4,S
6533,78,2,S
6534,78,1,S
6535,78,1,S
6536,78,4,S
6537,78,1,S
6538,78,4,S
6539,78,5,S
6540,78,5,S
6541,78,4,S
6542,78,1,S
6543,78,5,S
6544,79,6,B
6545,78,1,S
6546,79,4,B
6547,78,1,S
6548,78,1,S
6549,78,7,S
6550,78,3,S
6551,78,3,S
6552,78,5,S
6553,78,1,S
6554,78,2,S
6555,78,7,S
6556,78,2,S
6557,78,1,S
6558,78,3,S
6559,78,5,S
6560,78,3,S
6561,78,7,S
6562,79,7,B
6563,79,1,B
6564,79,1,B
6565,79,3,B
6566,79,2,S
6567,80,1,B
6568,79,2,S
6569,79,2,S
6570,80,2,B
6571,79,1,S
6572,79,6,S
6573,79,1,S
6574,79,3,S
6575,80,2,B
6576,80,3,B
6577,80,6,B
6578,79,6,S
6579,79,1,S
6580,79,6,S
6581,78,2,S
6582,78,3,S
6583,78,2,S
6584,78,2,S
6585,78,1,S
6586,79,2,B
6587,80,3,B
6588,78,3,S
6589,78,1,S
6590,78,1,S
6591,78,4,S
6592,78,5,S
6593,78,1,S
6594,78,2,S
6595,78,2,S
6596,78,3,S
6597,78,1,S
6598,78,3,S
6599,77,4,S
6600,78,1,B
6601,77,3,S
6602,77,2,S
6603,78,1,B
6604,77,1,S
6605,77,6,S
6606,77,2,S
6607,77,1,S
6608,78,3,B
6609,78,2,B
6610,78,5,B
6611,78,1,B
6612,77,1,S
6613,77,1,S
6614,77,1,S
6615,77,6,S
6616,77,1,S
6617,77,5,S
6618,77,4,S
6619,77,2,S
6620,77,5,S
6621,77,1,S
6622,77,1,S
6623,77,1,S
6624,78,2,B
6625,78,1,B
6626,78,3,B
6627,77,3,S
6628,77,5,S
6629,78,5,B
6630,77,1,S
6631,78,5,B
6632,78,4,B
6633,78,1,B
6634,77,4,S
6635,77,1,S
6636,77,1,S
6637,77,5,S
6638,77,4,S
6639,77,1,S
6640,77,5,S
6641,77,1,S
6642,77,7,S
6643,78,1,B
6644,77,2,S
6645,77,4,S
6646,77,2,S
6647,77,4,S
6648,77,4,S
6649,78,5,B
6650,77,3,S
6651,78,10,B
6652,79,1,B
6653,79,3,B
6654,79,3,B
6655,79,3,B
6656,78,1,S
6657,78,2,S
6658,78,3,S
6659,79,1,B
6660,79,4,B
6661,79,5,B
6662,78,3,S
6663,77,1,S
6664,77,7,S
6665,77,2,S
6666,77,7,S
6667,78,2,B
6668,78,4,B
6669,78,5,B
6670,78,5,B
6671,78,1,B
6672,78,9,S
6673,78,1,B
6674,79,3,B
6675,78,1,S
6676,79,3,B
6677,79,1,B
6678,78,5,S
6679,78,3,S
6680,78,4,S
6681,77,1,S
6682,77,5,S
6683,77,2,S
6684,77,1,S
6685,78,1,B
6686,78,1,B
6687,78,5,S
6688,78,1,S
6689,77,1,S
6690,77,3,S
6691,77,1,S
6692,78,1,B
6693,79,6,B
6694,77,6,S
6695,77,2,S
6696,79,1,B
6697,79,1,B
6698,78,4,S
6699,78,6,S
6700,78,1,S
6701,78,4,S
6702,79,3,B
6703,78,5,S
6704,77,1,S
6705,79,1,B
6706,79,3,B
6707,79,5,B
6708,78,2,S
6709,77,3,S
6710,77,6,S
6711,77,1,S
6712,77,3,S
6713,77,6,S
6714,78,1,B
6715,77,1,S
6716,77,1,S
6717,78,4,B
6718,77,5,S
6719,77,1,S
6720,77,2,S
6721,77,1,S
6722,78,2,B
6723,78,3,B
6724,79,2,B
6725,77,2,S
6726,77,1,S
6727,77,1,S
6728,77,2,S
6729,77,4,S
6730,78,7,B
6731,78,1,B
6732,78,2,B
6733,77,3,S
6734,77,2,S
6735,77,2,S
6736,77,2,S
6737,78,4,B
6738,77,1,S
6739,77,2,S
6740,77,1,S
6741,77,6,S
6742,77,4,S
6743,78,3,B
6744,77,3,S
6745,77,3,S
6746,77,1,S
6747,77,5,S
6748,78,1,B
6749,78,3,B
6750,78,5,B
6751,77,4,S
6752,77,3,S
6753,78,4,B
6754,79,2,B
6755,79,1,B
6756,77,3,S
6757,78,4,B
6758,79,3,B
6759,79,6,B
6760,79,2,B
6761,77,2,S
6762,77,4,S
6763,78,3,B
6764,79,4,B
6765,79,1,B
6766,79,4,B
6767,77,2,S
6768,77,7,S
6769,77,2,S
6770,77,4,S
6771,77,2,S
6772,78,2,B
6773,77,2,S
6774,77,1,S
6775,77,1,S
6776,77,1,S
6777,77,2,S
6778,77,5,S
6779,78,2,B
6780,78,2,S
6781,78,2,S
6782,77,2,S
6783,79,4,B
6784,79,1,B
6785,79,3,B
6786,79,1,B
6787,79,3,B
6788,79,4,B
6789,79,2,B
6790,79,6,B
6791,79,1,B
6792,79,3,B
6793,79,2,B
6794,79,1,B
6795,79,1,S
6796,79,1,S
6797,79,1,S
6798,80,1,B
6799,80,5,B
6800,80,3,B
6801,80,3,B
6802,79,2,S
6803,79,2,S
6804,79,4,S
6805,78,1,S
6806,80,3,B
6807,80,4,B
6808,79,1,S
6809,79,4,S
6810,79,3,S
6811,78,4,S
6812,78,2,S
6813,79,9,B
6814,80,3,B
6815,80,3,B
6816,78,2,S
6817,78,3,S
6818,78,2,B
6819,77,2,S
6820,77,3,S
6821,77,8,S
6822,78,4,B
6823,78,1,B
6824,77,2,S
6825,77,4,S
6826,77,1,S
6827,77,5,S
6828,77,2,S
6829,77,4,S
6830,77,2,S
6831,77,2,S
6832,77,4,S
6833,77,1,S
6834,78,4,B
6835,78,2,B
6836,78,3,B
6837,79,6,B
6838,78,1,S
6839,78,2,S
6840,78,1,S
6841,78,2,S
6842,78,4,S
6843,78,1,S
6844,78,2,S
6845,78,3,S
6846,79,1,B
6847,79,4,B
6848,78,1,S
6849,77,3,S
6850,77,1,S
6851,78,4,B
6852,78,5,B
6853,78,5,B
6854,78,1,B
6855,79,4,B
6856,79,1,B
6857,79,1,B
6858,79,4,B
6859,77,5,S
6860,77,5,S
6861,77,2,S
6862,77,2,S
6863,77,4,S
6864,77,1,S
6865,77,1,S
6866,77,2,S
6867,77,1,S
6868,77,1,S
6869,77,6,S
6870,77,5,S
6871,77,3,S
6872,77,1,S
6873,77,1,S
6874,77,2,S
6875,77,3,S
6876,78,2,B
6877,77,3,S
6878,78,7,B
6879,77,1,S
6880,79,2,B
6881,78,2,S
6882,77,4,S
6883,77,2,S
6884,78,4,S
6885,79,3,B
6886,79,4,B
6887,79,1,B
6888,79,2,B
6889,78,1,S
6890,78,4,S
6891,79,3,B
6892,78,2,S
6893,77,3,S
6894,77,6,S
6895,77,1,S
6896,78,2,S
6897,79,2,B
6898,78,1,S
6899,78,8,S
6900,77,1,S
6901,77,3,S
6902,79,3,B
6903,77,3,S
6904,77,4,S
6905,79,1,B
6906,78,1,S
6907,77,4,S
6908,77,1,S
6909,77,3,S
6910,77,6,S
6911,78,5,B
6912,78,5,B
6913,78,4,B
6914,79,5,B
6915,79,1,B
6916,79,2,B
6917,79,2,B
6918,79,5,B
6919,78,3,S
6920,78,3,S
6921,77,3,S
6922,77,1,S
6923,77,1,S
6924,77,6,S
6925,77,2,S
6926,77,3,S
6927,77,5,S
6928,78,2,B
6929,78,6,B
6930,76,4,S
6931,76,4,S
6932,77,3,B
6933,77,6,B
6934,77,3,B
6935,77,1,B
6936,76,2,S
6937,77,2,B
6938,78,3,B
6939,77,4,S
6940,76,4,S
6941,76,3,S
6942,76,2,S
6943,77,2,B
6944,78,2,B
6945,78,5,B
6946,78,3,B
6947,76,1,S
6948,76,3,S
6949,77,5,B
6950,77,2,S
6951,76,1,S
6952,77,3,B
6953,77,6,B
6954,77,4,B
6955,76,6,S
6956,77,5,B
6957,78,1,B
6958,78,6,B
6959,78,4,B
6960,78,2,B
6961,77,2,S
6962,77,2,B
6963,77,3,B
6964,76,1,S
6965,76,6,S
6966,76,2,S
6967,76,1,S
6968,76,3,S
6969,76,4,S
6970,76,4,S
6971,76,4,S
6972,77,7,B
6973,77,2,B
6974,77,1,B
6975,77,3,S
6976,76,2,S
6977,76,4,S
6978,76,4,S
6979,76,3,S
6980,77,4,B
6981,78,8,B
6982,78,1,B
6983,77,2,S
6984,78,3,B
6985,78,5,B
6986,78,1,B
6987,78,5,B
6988,78,2,B
6989,79,1,B
6990,79,2,B
6991,79,4,B
6992,79,1,B
6993,79,4,B
6994,79,1,B
6995,77,2,S
6996,77,8,S
6997,79,4,B
6998,79,2,B
6999,77,1,S
7000,79,2,B
7001,79,3,B
7002,77,1,S
7003,77,1,S
7004,76,5,S
7005,76,1,S
7006,76,3,S
7007,76,7,S
7008,77,8,B
7009,77,1,S
7010,76,5,S
7011,76,5,S
7012,76,2,S
7013,76,6,S
7014,76,4,S
7015,76,4,S
7016,78,8,B
7017,78,2,B
7018,78,1,B
7019,77,3,S
7020,77,2,S
7021,77,2,S
7022,77,6,S
7023,76,2,S
7024,76,7,S
7025,76,4,S
7026,76,3,S
7027,77,3,S
7028,78,6,B
7029,78,3,B
7030,77,1,S
7031,78,4,B
7032,78,4,S
7033,77,1,S
7034,78,6,B
7035,78,2,B
7036,78,1,B
7037,79,2,B
7038,79,3,B
7039,79,2,B
7040,77,2,S
7041,79,1,B
7042,79,7,B
7043,79,1,B
7044,77,6,B
7045,76,2,S
7046,76,7,S
7047,76,2,S
7048,77,4,B
7049,77,4,B
7050,77,5,B
7051,77,4,B
7052,76,1,S
7053,76,3,S
7054,76,1,S
7055,76,6,S
7056,76,2,S
7057,76,1,S
7058,76,4,S
7059,76,5,S
7060,76,2,S
7061,76,7,S
7062,76,2,S
7063,77,3,B
7064,77,1,B
7065,79,4,B
7066,79,4,B
7067,79,4,B
7068,79,1,B
7069,78,2,S
7070,78,4,S
7071,78,7,S
7072,78,4,S
7073,77,5,S
7074,77,3,B
7075,78,2,B
7076,78,3,S
7077,76,4,S
7078,76,2,S
7079,76,2,S
7080,76,2,S
7081,76,1,S
7082,76,1,S
7083,76,4,S
7084,76,2,S
7085,77,1,B
7086,77,3,B
7087,76,8,S
7088,76,1,S
7089,77,2,B
7090,77,2,B
7091,77,1,B
7092,77,1,B
7093,77,1,B
7094,77,6,B
7095,77,2,B
7096,77,7,B
7097,78,1,B
7098,77,5,B
7099,76,2,S
7100,76,4,S
7101,77,1,B
7102,76,2,S
7103,76,4,S
7104,76,1,S
7105,77,1,B
7106,78,7,B
7107,78,2,B
7108,78,1,B
7109,78,3,B
7110,78,3,B
7111,78,5,B
7112,78,4,B
7113,77,8,S
7114,77,1,S
7115,77,1,S
7116,76,3,S
7117,78,4,B
7118,78,1,S
7119,78,9,B
7120,79,1,B
7121,78,1,S
7122,79,4,B
7123,78,1,S
7124,79,1,B
7125,79,3,B
7126,79,2,B
7127,79,4,B
7128,78,4,S
7129,79,3,B
7130,79,4,B
7131,78,1,S
7132,78,1,S
7133,78,1,S
7134,79,7,B
7135,78,9,B
7136,77,1,S
7137,77,1,S
7138,78,6,B
7139,78,2,B
7140,79,1,B
7141,79,1,B
7142,78,3,S
7143,78,5,S
7144,77,6,S
7145,77,4,S
7146,77,4,S
7147,77,3,S
7148,77,1,S
7149,76,2,S
7150,76,2,S
7151,76,2,S
7152,76,8,S
7153,76,2,S
7154,76,1,S
7155,78,3,B
7156,78,1,B
7157,78,1,B
7158,79,1,B
7159,79,6,B
7160,79,1,B
7161,79,1,B
7162,80,1,B
7163,80,2,B
7164,80,5,B
7165,80,2,B
7166,78,4,S
7167,78,2,S
7168,78,2,S
7169,77,1,S
7170,76,5,S
7171,76,4,S
7172,76,1,S
7173,76,3,S
7174,78,4,B
7175,79,2,B
7176,79,1,S
7177,77,7,S
7178,78,1,B
7179,78,5,B
7180,78,2,B
7181,77,2,B
7182,77,1,B
7183,77,2,B
7184,77,3,B
7185,77,3,B
7186,77,1,B
7187,76,2,S
7188,76,6,S
7189,76,2,S
7190,76,5,S
7191,76,2,S
7192,77,6,B
7193,78,3,B
7194,78,8,B
7195,78,2,B
7196,78,6,B
7197,76,3,S
7198,76,2,S
7199,76,1,S
7200,78,1,B
7201,76,6,S
7202,76,6,S
7203,76,1,S
7204,76,1,S
7205,77,6,B
7206,77,1,S
7207,77,1,S
7208,77,2,S
7209,76,1,S
7210,76,3,S
7211,77,3,S
7212,77,6,S
7213,76,6,S
7214,76,1,S
7215,77,3,S
7216,77,3,S
7217,76,4,S
7218,76,2,S
7219,77,4,S
7220,76,1,S
7221,78,6,B
7222,78,2,B
7223,78,2,B
7224,76,2,S
7225,76,2,S
7226,76,5,S
7227,76,3,S
7228,76,4,S
7229,76,5,S
7230,77,2,B
7231,78,2,B
7232,76,1,S
7233,76,5,S
7234,76,1,S
7235,76,2,S
7236,77,4,B
7237,77,2,B
7238,78,3,B
7239,77,4,S
7240,78,1,B
7241,78,8,B
7242,77,1,S
7243,76,7,S
7244,76,1,S
7245,77,2,B
7246,78,3,B
7247,76,2,S
7248,76,4,S
7249,76,5,S
7250,77,2,S
7251,77,1,S
7252,76,2,S
7253,76,1,S
7254,77,1,S
7255,76,1,S
7256,76,5,S
7257,76,2,S
7258,76,2,S
7259,76,4,S
7260,77,3,B
7261,77,4,B
7262,77,5,B
7263,76,3,S
7264,76,2,S
7265,76,4,S
7266,78,5,B
7267,78,4,B
7268,78,1,B
7269,78,5,B
7270,77,2,S
7271,76,2,S
7272,76,1,S
7273,76,5,S
7274,77,5,B
7275,77,4,S
7276,77,1,S
7277,76,2,S
7278,76,4,S
7279,78,1,B
7280,78,6,B
7281,78,2,B
7282,78,4,B
7283,78,2,B
7284,79,4,B
7285,77,8,S
7286,78,6,S
7287,78,3,S
7288,77,3,S
7289,79,4,B
7290,79,3,B
7291,78,3,S
7292,77,6,S
7293,77,1,S
7294,76,1,S
7295,76,3,S
7296,77,1,B
7297,76,2,S
7298,77,8,B
7299,76,2,S
7300,76,4,S
7301,76,2,S
7302,76,4,S
7303,76,2,S
7304,76,4,S
7305,77,7,B
7306,77,3,B
7307,78,6,B
7308,76,1,S
7309,76,5,S
7310,76,1,S
7311,77,3,B
7312,77,1,S
7313,76,5,S
7314,77,3,S
7315,78,4,B
7316,78,3,B
7317,77,6,S
7318,77,4,S
7319,77,2,S
7320,77,5,S
7321,76,3,S
7322,77,2,S
7323,77,3,S
7324,77,1,B
7325,77,3,B
7326,78,4,B
7327,78,2,B
7328,77,2,S
7329,77,1,S
7330,77,1,S
7331,77,3,S
7332,77,3,S
7333,76,2,S
7334,76,3,S
7335,76,2,S
7336,76,7,S
7337,76,2,S
7338,76,1,S
7339,76,2,S
7340,76,2,S
7341,76,5,S
7342,76,3,S
7343,76,6,S
7344,76,3,S
7345,77,8,B
7346,76,4,S
7347,76,2,S
7348,76,4,S
7349,76,1,S
7350,77,1,B
7351,76,6,S
7352,77,1,B
7353,77,6,B
7354,76,1,S
7355,76,3,S
7356,76,3,S
7357,76,1,S
7358,76,2,S
7359,76,5,S
7360,76,2,S
7361,76,1,S
7362,76,1,S
7363,77,1,B
7364,77,1,B
7365,77,2,B
7366,76,1,S
7367,76,6,S
7368,76,3,S
7369,76,4,S
7370,76,2,S
7371,77,5,B
7372,78,1,B
7373,78,1,B
7374,78,8,B
7375,78,1,B
7376,78,2,B
7377,78,4,B
7378,77,3,S
7379,78,1,B
7380,77,4,S
7381,78,5,B
7382,78,1,B
7383,77,1,S
7384,77,7,B
7385,76,4,S
7386,76,2,S
7387,76,7,S
7388,76,1,S
7389,76,2,S
7390,76,6,S
7391,76,3,S
7392,76,2,S
7393,76,1,S
7394,76,2,S
7395,76,2,S
7396,76,4,S
7397,76,2,S
7398,77,1,B
7399,78,4,B
7400,78,1,B
7401,78,5,B
7402,78,3,B
7403,78,1,B
7404,78,8,B
7405,78,2,B
7406,78,4,B
7407,78,2,B
7408,78,3,B
7409,78,3,B
7410,78,2,B
7411,77,1,S
7412,77,1,S
7413,77,5,S
7414,77,4,S
7415,77,2,S
7416,77,3,S
7417,78,5,B
7418,78,2,B
7419,77,4,S
7420,77,4,S
7421,78,3,B
7422,77,3,S
7423,77,1,S
7424,77,6,S
7425,77,2,S
7426,76,1,S
7427,76,2,S
7428,76,4,S
7429,76,2,S
7430,76,2,S
7431,76,3,S
7432,77,2,B
7433,77,5,B
7434,76,1,S
7435,76,2,S
7436,76,1,S
7437,76,2,S
7438,76,1,S
7439,76,1,S
7440,76,2,S
7441,77,4,B
7442,78,3,B
7443,78,3,B
7444,78,3,B
7445,78,2,B
7446,76,6,S
7447,76,3,S
7448,76,1,S
7449,77,3,B
7450,77,1,S
7451,76,3,S
7452,76,4,S
7453,76,5,S
7454,76,6,S
7455,75,2,S
7456,77,1,B
7457,75,2,S
7458,75,4,S
7459,76,7,S
7460,76,1,S
7461,75,1,S
7462,75,1,S
7463,76,3,B
7464,76,4,B
7465,76,1,B
7466,76,9,B
7467,76,1,S
7468,76,6,S
7469,76,2,S
7470,76,1,S
7471,75,5,S
7472,76,5,B
7473,75,4,S
7474,75,4,S
7475,75,5,S
7476,76,3,B
7477,77,2,B
7478,76,2,S
7479,75,1,S
7480,75,8,S
7481,75,1,S
7482,75,4,S
7483,75,5,S
7484,76,3,B
7485,76,1,S
7486,75,3,S
7487,75,1,S
7488,75,4,S
7489,75,5,S
7490,77,4,B
7491,77,2,B
7492,76,5,S
7493,76,1,S
7494,76,3,S
7495,76,3,S
7496,75,3,S
7497,75,4,S
7498,75,3,S
7499,77,6,B
7500,75,6,S
7501,75,1,S
7502,75,8,S
7503,75,1,S
7504,77,1,B
7505,77,1,B
7506,77,4,B
7507,75,3,S
7508,77,6,B
7509,75,1,S
7510,77,1,B
7511,78,1,B
7512,78,2,B
7513,78,8,B
7514,78,1,B
7515,78,5,B
7516,78,3,B
7517,77,1,S
7518,77,6,S
7519,77,1,S
7520,75,4,S
7521,75,1,S
7522,75,5,S
7523,75,4,S
7524,75,2,S
7525,75,2,S
7526,76,3,B
7527,76,3,S
7528,76,2,S
7529,76,7,S
7530,76,2,S
7531,78,2,B
7532,78,1,B
7533,76,2,S
7534,76,1,S
7535,75,2,S
7536,75,1,S
7537,75,2,S
7538,75,3,S
7539,75,1,S
7540,75,5,S
7541,76,5,B
7542,77,8,B
7543,75,1,S
7544,75,2,S
7545,76,4,B
7546,76,3,B
7547,76,1,B
7548,76,3,B
7549,76,1,B
7550,77,1,B
7551,77,8,B
7552,75,5,S
7553,77,1,B
7554,77,1,B
7555,77,2,B
7556,75,2,S
7557,76,7,S
7558,75,1,S
7559,75,4,S
7560,75,4,S
7561,76,4,B
7562,75,1,S
7563,76,3,B
7564,76,3,B
7565,76,5,B
7566,77,2,B
7567,77,1,B
7568,77,8,B
7569,77,2,B
7570,76,2,S
7571,75,2,S
7572,75,5,S
7573,77,5,B
7574,77,3,B
7575,77,1,B
7576,77,2,B
7577,76,10,B
7578,77,5,B
7579,76,10,S
7580,75,3,S
7581,75,4,S
7582,75,3,S
7583,75,4,S
7584,75,2,S
7585,75,4,S
7586,75,1,S
7587,75,1,S
7588,75,1,S
7589,75,4,S
7590,75,1,S
7591,77,1,B
7592,77,1,B
7593,77,1,B
7594,77,3,B
7595,77,1,B
7596,76,3,B
7597,77,1,B
7598,76,5,S
7599,75,7,S
7600,75,2,S
7601,75,1,S
7602,76,3,B
7603,76,5,S
7604,75,2,S
7605,75,1,S
7606,75,2,S
7607,75,4,S
7608,76,3,B
7609,76,3,B
7610,76,1,S
7611,76,1,S
7612,75,3,S
7613,76,6,B
7614,76,1,S
7615,75,1,S
7616,76,7,B
7617,76,3,S
7618,75,1,S
7619,75,1,S
7620,75,5,S
7621,76,2,B
7622,76,8,B
7623,75,1,S
7624,75,4,S
7625,75,5,S
7626,75,1,S
7627,75,9,S
7628,75,1,S
7629,75,1,S
7630,75,6,S
7631,75,1,S
7632,75,5,S
7633,76,1,B
7634,77,4,B
7635,76,1,S
7636,77,2,B
7637,76,2,S
7638,75,2,S
7639,75,3,S
7640,75,2,S
7641,77,5,B
7642,77,1,B
7643,77,1,B
7644,75,8,S
7645,75,1,S
7646,76,5,B
7647,76,6,B
7648,77,4,B
7649,77,1,B
7650,77,1,B
7651,77,3,B
7652,77,5,B
7653,77,1,B
7654,77,1,B
7655,77,3,B
7656,78,1,B
7657,77,5,S
7658,77,2,S
7659,76,5,S
7660,76,1,S
7661,77,7,B
7662,78,2,B
7663,78,1,B
7664,76,3,S
7665,75,3,S
7666,75,1,S
7667,75,2,S
7668,75,3,S
7669,75,2,S
7670,75,2,S
7671,75,1,S
7672,75,1,S
7673,75,4,S
7674,75,2,S
7675,76,5,B
7676,77,3,B
7677,77,4,B
7678,78,2,B
7679,78,4,B
7680,78,8,B
7681,78,2,B
7682,78,5,B
7683,77,1,S
7684,77,5,S
7685,77,4,S
7686,77,2,S
7687,78,1,B
7688,78,4,B
7689,78,2,B
7690,78,1,B
7691,78,3,B
7692,78,3,B
7693,77,1,S
7694,77,8,B
7695,77,1,B
7696,76,2,S
7697,77,2,B
7698,77,6,B
7699,77,4,B
7700,78,2,B
7701,78,2,B
7702,77,5,S
7703,78,3,B
7704,78,2,B
7705,78,2,B
7706,76,1,S
7707,78,1,B
7708,78,4,B
7709,77,2,S
7710,77,3,S
7711,76,3,S
7712,75,2,S
7713,77,4,S
7714,77,4,B
7715,77,2,S
7716,75,3,S
7717,75,1,S
7718,77,5,B
7719,78,1,B
7720,77,3,S
7721,77,2,S
7722,77,1,S
7723,75,4,S
7724,75,5,S
7725,75,1,S
7726,75,2,S
7727,75,3,S
7728,76,2,B
7729,75,3,S
7730,75,2,S
7731,76,1,B
7732,76,5,B
7733,75,2,S
7734,76,1,B
7735,76,3,B
7736,75,1,S
7737,75,4,S
7738,75,1,S
7739,76,5,B
7740,76,2,B
7741,75,7,S
7742,75,2,S
7743,75,7,S
7744,75,1,S
7745,75,1,S
7746,75,4,S
7747,75,6,S
7748,75,1,S
7749,76,1,B
7750,75,9,S
7751,75,1,S
7752,75,1,S
7753,76,1,B
7754,76,2,B
7755,76,1,S
7756,75,5,S
7757,76,2,B
7758,77,1,B
7759,77,8,B
7760,77,1,B
7761,75,2,S
7762,75,2,S
7763,75,1,S
7764,75,10,S
7765,76,2,B
7766,76,4,S
7767,75,1,S
7768,75,1,S
7769,75,3,S
7770,77,2,B
7771,77,3,B
7772,77,1,B
7773,75,2,S
7774,75,1,S
7775,76,3,B
7776,77,6,B
7777,75,5,S
7778,75,5,S
7779,77,8,B
7780,75,1,S
7781,77,2,B
7782,77,8,B
7783,76,8,S
7784,76,1,S
7785,75,2,S
7786,76,6,B
7787,77,2,B
7788,75,2,S
7789,75,2,S
7790,75,2,S
7791,75,1,S
7792,75,5,S
7793,76,6,S
7794,75,3,S
7795,75,1,S
7796,75,5,S
7797,75,3,S
7798,75,1,S
7799,75,3,S
7800,75,1,S
7801,76,2,B
7802,75,7,S
7803,75,2,S
7804,75,5,S
7805,75,2,S
7806,75,4,S
7807,75,1,S
7808,76,1,B
7809,76,3,B
7810,76,1,B
7811,76,6,B
7812,76,3,B
7813,76,1,B
7814,75,1,S
7815,76,1,B
7816,76,6,B
7817,75,3,S
7818,75,2,S
7819,77,2,B
7820,77,3,B
7821,77,2,B
7822,77,1,B
7823,77,2,B
7824,77,7,B
7825,77,1,B
7826,75,2,S
7827,75,1,S
7828,75,7,S
7829,76,1,B
7830,76,4,B
7831,76,1,S
7832,75,1,S
7833,75,6,S
7834,75,3,S
7835,75,5,S
7836,75,3,S
7837,75,4,S
7838,75,1,S
7839,76,3,B
7840,75,2,S
7841,75,7,S
7842,75,3,S
7843,75,2,S
7844,75,5,S
7845,75,1,S
7846,74,2,S
7847,74,2,S
7848,75,2,S
7849,76,2,B
7850,76,4,B
7851,77,1,B
7852,77,2,B
7853,75,3,S
7854,75,1,S
7855,75,1,S
7856,77,5,B
7857,77,1,B
7858,77,2,B
7859,77,3,B
7860,76,7,B
7861,76,2,B
7862,77,6,B
7863,75,1,S
7864,75,6,S
7865,74,2,S
7866,74,1,S
7867,74,4,S
7868,76,2,B
7869,77,3,B
7870,74,2,S
7871,74,1,S
7872,74,2,S
7873,76,5,B
7874,76,1,B
7875,74,5,S
7876,74,2,S
7877,75,3,B
7878,74,8,S
7879,74,5,S
7880,74,4,S
7881,74,1,S
7882,74,6,S
7883,75,3,B
7884,75,1,B
7885,76,7,B
7886,76,4,B
7887,76,1,B
7888,76,1,B
7889,77,7,B
7890,77,1,B
7891,77,6,B
7892,77,1,B
7893,77,1,B
7894,77,1,B
7895,75,1,S
7896,77,1,B
7897,77,2,B
7898,77,2,B
7899,76,5,S
7900,76,4,S
7901,76,4,S
7902,77,1,B
7903,77,4,B
7904,76,4,S
7905,76,2,S
7906,77,1,B
7907,75,9,S
7908,75,1,S
7909,75,3,S
7910,76,5,B
7911,77,9,B
7912,77,1,B
7913,76,2,S
7914,75,3,S
7915,75,5,S
7916,75,3,S
7917,75,6,S
7918,75,8,S
7919,74,2,S
7920,74,2,S
7921,74,3,S
7922,74,1,S
7923,74,2,S
7924,75,9,B
7925,74,7,S
7926,74,1,S
7927,74,1,S
7928,74,1,S
7929,74,2,S
7930,74,1,S
7931,74,3,S
7932,74,2,S
7933,75,1,B
7934,75,4,B
7935,75,4,B
7936,75,5,B
7937,75,1,B
7938,76,3,B
7939,76,2,B
7940,76,1,B
7941,75,7,S
7942,75,2,S
7943,75,3,S
7944,75,1,S
7945,75,5,S
7946,75,1,S
7947,76,1,B
7948,76,3,S
7949,75,1,S
7950,74,2,S
7951,74,5,S
7952,74,3,S
7953,75,3,B
7954,74,10,S
7955,75,2,B
7956,75,4,B
7957,77,6,B
7958,76,3,S
7959,77,7,B
7960,77,3,B
7961,76,1,S
7962,76,4,S
7963,77,3,B
7964,76,1,S
7965,76,2,S
7966,77,1,B
7967,77,6,B
7968,77,3,B
7969,77,2,B
7970,77,6,B
7971,78,2,B
7972,76,2,S
7973,76,3,S
7974,76,1,S
7975,76,1,S
7976,77,5,S
7977,77,5,S
7978,77,1,S
7979,77,1,S
7980,77,2,S
7981,78,5,B
7982,77,1,S
7983,77,4,S
7984,77,1,S
7985,78,3,B
7986,77,4,S
7987,77,1,S
7988,76,4,S
7989,76,3,S
7990,77,1,B
7991,77,2,B
7992,76,6,S
7993,75,2,S
7994,75,2,S
7995,75,8,S
7996,75,3,S
7997,77,1,B
7998,77,1,B
7999,77,5,B
8000,76,5,B
8001,77,1,B
8002,78,5,B
8003,76,3,B
8004,77,4,S
8005,75,4,S
8006,75,3,S
8007,75,1,S
8008,75,1,S
8009,77,2,S
8010,78,5,B
8011,78,3,B
8012,78,1,B
8013,78,1,B
8014,78,6,B
8015,78,1,B
8016,78,2,B
8017,78,1,B
8018,78,1,B
8019,78,1,B
8020,78,1,B
8021,78,1,B
8022,78,5,B
8023,77,2,S
8024,77,5,S
8025,77,2,S
8026,77,4,S
8027,76,4,S
8028,76,1,S
8029,77,5,S
8030,77,4,S
8031,78,1,B
8032,77,1,S
8033,77,1,S
8034,77,7,S
8035,78,1,B
8036,78,1,B
8037,77,1,S
8038,77,2,S
8039,77,2,S
8040,77,6,S
8041,77,1,S
8042,77,4,S
8043,77,2,S
8044,77,5,S
8045,77,3,S
8046,77,2,S
8047,76,1,S
8048,78,2,B
8049,78,3,B
8050,78,3,B
8051,78,7,B
8052,78,2,B
8053,77,2,B
8054,77,3,B
8055,77,4,B
8056,77,3,B
8057,78,2,B
8058,78,1,B
8059,78,1,B
8060,78,4,B
8061,76,1,S
8062,76,8,S
8063,76,3,S
8064,76,3,S
8065,76,3,S
8066,76,5,S
8067,77,1,B
8068,78,2,B
8069,78,3,B
8070,78,3,B
8071,78,5,B
8072,76,2,S
8073,76,4,S
8074,76,1,S
8075,76,4,S
8076,76,2,S
8077,77,5,B
8078,76,3,S
8079,76,6,S
8080,76,1,S
8081,76,1,S
8082,76,4,S
8083,76,1,S
8084,75,4,S
8085,75,2,S
8086,75,1,S
8087,75,4,S
8088,75,6,S
8089,75,1,S
8090,76,1,B
8091,76,1,B
8092,75,3,S
8093,75,1,S
8094,75,1,S
8095,75,2,S
8096,76,5,B
8097,76,5,B
8098,76,1,B
8099,77,2,B
8100,77,3,B
8101,75,2,S
8102,76,4,B
8103,75,5,S
8104,75,1,S
8105,75,6,S
8106,75,1,S
8107,76,5,B
8108,76,1,B
8109,75,1,S
8110,75,8,S
8111,75,1,S
8112,75,3,S
8113,75,4,S
8114,75,2,S
8115,76,8,B
8116,75,2,S
8117,75,3,S
8118,76,4,B
8119,77,3,B
8120,75,3,S
8121,74,1,S
8122,74,1,S
8123,75,4,S
8124,75,4,S
8125,75,5,S
8126,75,1,S
8127,74,3,S
8128,74,1,S
8129,74,1,S
8130,76,3,B
8131,77,2,B
8132,74,3,S
8133,75,7,S
8134,77,6,B
8135,77,1,B
8136,77,6,B
8137,77,3,B
8138,77,7,B
8139,77,3,B
8140,76,1,S
8141,77,6,B
8142,77,3,B
8143,76,6,S
8144,76,2,S
8145,75,2,S
8146,74,1,S
8147,75,5,B
8148,76,1,B
8149,77,2,B
8150,74,3,S
8151,74,4,S
8152,76,2,S
8153,75,1,S
8154,75,2,S
8155,75,1,S
8156,75,2,S
8157,75,3,S
8158,75,1,S
8159,74,2,S
8160,75,1,B
8161,74,4,S
8162,74,6,S
8163,75,6,B
8164,75,1,B
8165,74,6,S
8166,74,1,S
8167,74,1,S
8168,75,1,B
8169,74,5,S
8170,74,4,S
8171,75,1,B
8172,75,3,B
8173,75,4,B
8174,75,3,S
8175,75,3,S
8176,75,2,S
8177,75,3,S
8178,75,3,S
8179,76,5,B
8180,76,1,B
8181,75,1,S
8182,74,4,S
8183,75,5,B
8184,76,5,B
8185,76,1,B
8186,75,1,S
8187,74,2,S
8188,74,1,S
8189,74,1,S
8190,76,2,B
8191,75,7,S
8192,74,3,S
8193,76,1,B
8194,76,6,B
8195,75,1,B
8196,76,3,B
8197,75,2,S
8198,74,1,S
8199,76,3,B
8200,76,5,B
8201,76,3,B
8202,75,6,S
